"film_id","genre_id"
"3d036187-2c03-4831-ac66-6bfdbf91ba1e",28
"3d036187-2c03-4831-ac66-6bfdbf91ba1e",53
"3d036187-2c03-4831-ac66-6bfdbf91ba1e",878
"4636157e-7ed8-4472-bd59-cb5442604773",35
"4636157e-7ed8-4472-bd59-cb5442604773",10749
a9f73754-847d-43b7-9529-bfe7fecd487f,27
a9f73754-847d-43b7-9529-bfe7fecd487f,9648
a9f73754-847d-43b7-9529-bfe7fecd487f,878
"48535f31-8882-4263-af41-c9c0f87c8a1c",10749
"48535f31-8882-4263-af41-c9c0f87c8a1c",35
"1a2693ad-3f29-408b-8b7c-b490f2287f7e",27
"890aa7dd-1bdb-468e-a6f3-c4ca7cf02c3a",18
"890aa7dd-1bdb-468e-a6f3-c4ca7cf02c3a",10749
f97f9b4e-9d81-40ab-a15d-a229e05ed046,35
f97f9b4e-9d81-40ab-a15d-a229e05ed046,10752
"428bc8c4-3f25-4a21-862e-f5d4abd1cf2c",878
"428bc8c4-3f25-4a21-862e-f5d4abd1cf2c",18
"428bc8c4-3f25-4a21-862e-f5d4abd1cf2c",53
"1a316e25-c81d-4a98-92ec-7147c6c72ff1",35
"49006841-5ff8-4149-8c0a-1b87a158392f",53
"49006841-5ff8-4149-8c0a-1b87a158392f",27
"94666aeb-13c6-47d8-a8c9-6051636b6102",28
"94666aeb-13c6-47d8-a8c9-6051636b6102",12
"94666aeb-13c6-47d8-a8c9-6051636b6102",53
"94666aeb-13c6-47d8-a8c9-6051636b6102",10752
"8f3d2c9a-7e51-4966-b561-80c59d8bcc31",878
"8f3d2c9a-7e51-4966-b561-80c59d8bcc31",28
df58b6ff-2faa-4a5e-a125-10fdae3fa7a7,18
df58b6ff-2faa-4a5e-a125-10fdae3fa7a7,28
df58b6ff-2faa-4a5e-a125-10fdae3fa7a7,53
"9ab02769-fa4b-41e4-ba7f-17eb8825dfa0",12
"9ab02769-fa4b-41e4-ba7f-17eb8825dfa0",28
"9ab02769-fa4b-41e4-ba7f-17eb8825dfa0",53
"9ab02769-fa4b-41e4-ba7f-17eb8825dfa0",878
dacfc97e-7ad7-4fe1-ba9a-f1f2e956fa4c,18
dacfc97e-7ad7-4fe1-ba9a-f1f2e956fa4c,10749
ecfc4dc1-57a8-4ef7-978f-0ee5f38843cb,35
fb74c2f9-8ef1-433e-a067-746b5e0bfd59,878
fb74c2f9-8ef1-433e-a067-746b5e0bfd59,12
fb74c2f9-8ef1-433e-a067-746b5e0bfd59,10751
fb74c2f9-8ef1-433e-a067-746b5e0bfd59,14
"08d8ac52-4e53-4810-abe5-d9fd59025be8",35
c818af7e-20e9-4172-b022-cb605f235a3f,53
c818af7e-20e9-4172-b022-cb605f235a3f,878
c818af7e-20e9-4172-b022-cb605f235a3f,18
"59b41a22-7f4f-45f2-bb9e-5397fb3a6408",12
"59b41a22-7f4f-45f2-bb9e-5397fb3a6408",14
"59b41a22-7f4f-45f2-bb9e-5397fb3a6408",28
c8569fc1-cf9f-4f55-9c6c-d100595847f6,28
c8569fc1-cf9f-4f55-9c6c-d100595847f6,53
c8569fc1-cf9f-4f55-9c6c-d100595847f6,878
"67db43b0-0dc8-4159-8848-98ee0c98f16e",53
"67db43b0-0dc8-4159-8848-98ee0c98f16e",28
"67db43b0-0dc8-4159-8848-98ee0c98f16e",35
"67db43b0-0dc8-4159-8848-98ee0c98f16e",80
"67db43b0-0dc8-4159-8848-98ee0c98f16e",18
"14e6d221-0a9e-4a3b-a311-ccb05d663b9a",28
"14e6d221-0a9e-4a3b-a311-ccb05d663b9a",35
"14e6d221-0a9e-4a3b-a311-ccb05d663b9a",80
"8cf850f7-427a-4b4e-83f8-57690c774a37",12
"8cf850f7-427a-4b4e-83f8-57690c774a37",28
"8cf850f7-427a-4b4e-83f8-57690c774a37",10749
"8cf850f7-427a-4b4e-83f8-57690c774a37",35
a4edd221-02cc-4d8d-b599-c561004cb38d,35
"771f7f14-bdbf-4c61-8758-5bd200dbeada",35
e155fb8f-15f9-4285-a742-7cc2a54aabcf,14
e155fb8f-15f9-4285-a742-7cc2a54aabcf,27
e155fb8f-15f9-4285-a742-7cc2a54aabcf,35
"278988e2-b6e2-4bec-9f37-3f4fadda6454",28
"278988e2-b6e2-4bec-9f37-3f4fadda6454",12
"278988e2-b6e2-4bec-9f37-3f4fadda6454",53
"278988e2-b6e2-4bec-9f37-3f4fadda6454",10752
"7ca570a2-2cd8-4f27-a324-d732e9ba3294",27
"7ca570a2-2cd8-4f27-a324-d732e9ba3294",53
"7ca570a2-2cd8-4f27-a324-d732e9ba3294",12
"1e94a4eb-3268-4e30-81a2-56cac00d56ea",12
"1e94a4eb-3268-4e30-81a2-56cac00d56ea",14
"1e94a4eb-3268-4e30-81a2-56cac00d56ea",28
ec6a42ec-6c44-495f-beca-ecc4c3dc093e,18
"2f9676ba-0fba-42cc-b4e9-1a0a48b21260",35
"2f9676ba-0fba-42cc-b4e9-1a0a48b21260",80
"3d4f7a0a-7288-451e-8e3c-f35028d7581f",12
"3d4f7a0a-7288-451e-8e3c-f35028d7581f",35
"3d4f7a0a-7288-451e-8e3c-f35028d7581f",10751
e996c8e0-f531-4453-afeb-7496ca7a3179,35
"13ee2642-1e88-4b5b-9e0e-1ca8940c8a2e",35
"1df31ff4-6bf4-4cdd-b8ed-2f8067a8d5db",37
"1df31ff4-6bf4-4cdd-b8ed-2f8067a8d5db",28
"770074ee-584e-41cb-8e15-fbd11247a4f1",35
"770074ee-584e-41cb-8e15-fbd11247a4f1",14
"1a824fa6-2716-4362-b09a-308fac8ff3fa",28
"1a824fa6-2716-4362-b09a-308fac8ff3fa",80
"1a824fa6-2716-4362-b09a-308fac8ff3fa",53
"034b76fb-c0f0-43d1-bcd9-66b412bc5091",18
"034b76fb-c0f0-43d1-bcd9-66b412bc5091",878
"33105a50-035c-4b5c-9104-d9e7a86fe421",35
"33105a50-035c-4b5c-9104-d9e7a86fe421",37
b3b77d09-7b54-4c92-9b52-f71b57202f37,18
b3b77d09-7b54-4c92-9b52-f71b57202f37,53
"4509426e-05d5-487e-8eb1-4b5edfe7492a",27
"3c263c09-6fdb-4070-9a0a-8ee7357a2bc6",12
"3c263c09-6fdb-4070-9a0a-8ee7357a2bc6",28
"3c263c09-6fdb-4070-9a0a-8ee7357a2bc6",35
"3c263c09-6fdb-4070-9a0a-8ee7357a2bc6",10749
"27d9fcf0-8a76-4bf4-877e-8e2e2a8b27ce",12
b1ef0ebc-8702-4fa0-8976-13d3e3bf26b9,12
b1ef0ebc-8702-4fa0-8976-13d3e3bf26b9,28
"3b84cea3-1fc0-46e2-9288-c5bfa0ebf6d9",28
"3b84cea3-1fc0-46e2-9288-c5bfa0ebf6d9",12
"3b84cea3-1fc0-46e2-9288-c5bfa0ebf6d9",53
ac7b9722-cae7-460d-a2d9-bf2594c2f035,28
ac7b9722-cae7-460d-a2d9-bf2594c2f035,53
a4332d5e-a26f-46dc-9a57-c8ef53f5c3b0,28
a4332d5e-a26f-46dc-9a57-c8ef53f5c3b0,18
a4332d5e-a26f-46dc-9a57-c8ef53f5c3b0,53
"98d9d80d-1d62-4733-8376-8a45c2becbfb",18
"98d9d80d-1d62-4733-8376-8a45c2becbfb",53
"98d9d80d-1d62-4733-8376-8a45c2becbfb",80
"98d9d80d-1d62-4733-8376-8a45c2becbfb",12
"27194226-f829-45e5-87cc-e75c20d1e17d",28
"27194226-f829-45e5-87cc-e75c20d1e17d",12
"27194226-f829-45e5-87cc-e75c20d1e17d",35
e29b1921-ee51-4b5d-8b1e-a231760e67fa,28
e29b1921-ee51-4b5d-8b1e-a231760e67fa,35
e29b1921-ee51-4b5d-8b1e-a231760e67fa,37
"3e0b4a6e-ac31-4eea-80c8-23bd7392884c",35
"3e0b4a6e-ac31-4eea-80c8-23bd7392884c",80
"0159b5a8-6005-48df-8193-4a33c3f3f07a",28
"0159b5a8-6005-48df-8193-4a33c3f3f07a",12
"0159b5a8-6005-48df-8193-4a33c3f3f07a",14
"1ffb3a43-6fe7-4bb2-82c6-622a79004264",12
"1ffb3a43-6fe7-4bb2-82c6-622a79004264",28
"1ffb3a43-6fe7-4bb2-82c6-622a79004264",53
"1ffb3a43-6fe7-4bb2-82c6-622a79004264",878
babad69c-d9e9-4668-93da-f12899a80b45,18
babad69c-d9e9-4668-93da-f12899a80b45,10402
babad69c-d9e9-4668-93da-f12899a80b45,10749
f24aa41e-effb-4ab0-8068-3fd89eaa907e,53
f24aa41e-effb-4ab0-8068-3fd89eaa907e,27
f24aa41e-effb-4ab0-8068-3fd89eaa907e,28
"2bd8cc93-eb2b-4afa-ae0b-786e7ae60211",12
"2bd8cc93-eb2b-4afa-ae0b-786e7ae60211",28
"2bd8cc93-eb2b-4afa-ae0b-786e7ae60211",14
d8e8472a-a08d-4c0a-a68f-9c058a83dc27,28
d8e8472a-a08d-4c0a-a68f-9c058a83dc27,80
"4dafc2bb-39bd-4cc7-ad8a-76e74f377aeb",18
"4dafc2bb-39bd-4cc7-ad8a-76e74f377aeb",10749
"2efc6f4f-82cb-4a25-9143-7d6507f14438",27
"2efc6f4f-82cb-4a25-9143-7d6507f14438",878
"27737bdf-de50-4367-a306-6fdef9af881e",12
"27737bdf-de50-4367-a306-6fdef9af881e",10751
"27737bdf-de50-4367-a306-6fdef9af881e",14
"9da54652-3655-4cc3-87ce-8e3e4a5d36f5",12
"9da54652-3655-4cc3-87ce-8e3e4a5d36f5",14
"9da54652-3655-4cc3-87ce-8e3e4a5d36f5",28
"2498a617-cc8d-4ef0-81a4-c992339c957f",27
"2498a617-cc8d-4ef0-81a4-c992339c957f",35
"8a121e62-10bc-4dfd-a741-7dd440c467de",28
"8a121e62-10bc-4dfd-a741-7dd440c467de",12
"8a121e62-10bc-4dfd-a741-7dd440c467de",35
"6da1aacb-3ad5-451a-8314-423bcd8b9209",27
"26dfc3f2-ebe2-4410-b84a-8046864f62af",18
"26dfc3f2-ebe2-4410-b84a-8046864f62af",10752
"414ad9e5-b970-4595-8f6c-44ade63b38fc",28
"414ad9e5-b970-4595-8f6c-44ade63b38fc",12
"414ad9e5-b970-4595-8f6c-44ade63b38fc",878
b43b7e4f-3e71-45a0-b55e-2b5b82ccae70,35
b43b7e4f-3e71-45a0-b55e-2b5b82ccae70,27
"629a01e7-1e63-407a-b2cd-04ad16438f47",27
"629a01e7-1e63-407a-b2cd-04ad16438f47",878
"695fb599-9b9f-481e-9f62-ce52dddf918c",12
"695fb599-9b9f-481e-9f62-ce52dddf918c",28
"695fb599-9b9f-481e-9f62-ce52dddf918c",35
"412db3da-061b-4b62-9015-00649a08eb45",28
"412db3da-061b-4b62-9015-00649a08eb45",12
"412db3da-061b-4b62-9015-00649a08eb45",53
"412db3da-061b-4b62-9015-00649a08eb45",10752
"0ae82a80-bedc-4bc2-b6d7-d7eaab3d8bac",18
"0ae7f4b9-cd5d-4740-ab4b-24d5faeac626",53
"0ae7f4b9-cd5d-4740-ab4b-24d5faeac626",9648
af80d4cc-e34a-48d0-85ed-a1227216eb88,35
af80d4cc-e34a-48d0-85ed-a1227216eb88,37
"22038333-cf97-4ff0-bb8c-1c418370f2a8",27
"22038333-cf97-4ff0-bb8c-1c418370f2a8",53
"24c952a2-3133-4767-86f5-e0082341b124",35
ace1de16-80cc-4094-b70a-94401c7d049e,12
ace1de16-80cc-4094-b70a-94401c7d049e,28
"6d02e5b2-c17b-4d89-9f7c-c626136f0a57",12
"6d02e5b2-c17b-4d89-9f7c-c626136f0a57",35
b9eaf0c7-062e-4a1c-8431-f51b31088290,28
b9eaf0c7-062e-4a1c-8431-f51b31088290,35
"80c07340-a069-476a-a0a0-2460dc69b3cc",28
"80c07340-a069-476a-a0a0-2460dc69b3cc",12
"80c07340-a069-476a-a0a0-2460dc69b3cc",35
"80c07340-a069-476a-a0a0-2460dc69b3cc",14
e8f50c9e-8e3c-4b73-9e92-562bf984113a,27
e8f50c9e-8e3c-4b73-9e92-562bf984113a,35
"7abca311-7572-49bb-8565-e3648fcb1989",35
"7abca311-7572-49bb-8565-e3648fcb1989",80
e4e5143d-c8b6-44ae-8d83-0699c1fb9272,80
e4e5143d-c8b6-44ae-8d83-0699c1fb9272,18
e4e5143d-c8b6-44ae-8d83-0699c1fb9272,53
e4e5143d-c8b6-44ae-8d83-0699c1fb9272,28
"84ed3f64-88ea-4e96-a670-0f3095ececf2",28
"84ed3f64-88ea-4e96-a670-0f3095ececf2",12
"84ed3f64-88ea-4e96-a670-0f3095ececf2",35
"84ed3f64-88ea-4e96-a670-0f3095ececf2",53
"6277443a-d0cc-4c54-bcde-3f43c896503d",10749
"6277443a-d0cc-4c54-bcde-3f43c896503d",14
"6277443a-d0cc-4c54-bcde-3f43c896503d",18
"6277443a-d0cc-4c54-bcde-3f43c896503d",35
"6076c30d-c5ab-4e95-971a-425f2f4aa075",80
"6076c30d-c5ab-4e95-971a-425f2f4aa075",18
"6076c30d-c5ab-4e95-971a-425f2f4aa075",53
bd4537b9-afdc-494d-ac70-76cab133fa4c,53
bd4537b9-afdc-494d-ac70-76cab133fa4c,28
bd4537b9-afdc-494d-ac70-76cab133fa4c,35
bd4537b9-afdc-494d-ac70-76cab133fa4c,80
bd4537b9-afdc-494d-ac70-76cab133fa4c,18
eb4c69f6-9fa5-4eb7-9a16-0259a9eac719,12
eb4c69f6-9fa5-4eb7-9a16-0259a9eac719,35
eb4c69f6-9fa5-4eb7-9a16-0259a9eac719,878
"5b946f8f-76e1-46cd-b2f9-e5f85d10af02",28
ca94860d-56c2-4b68-ac00-6d48d0de8ee4,878
ca94860d-56c2-4b68-ac00-6d48d0de8ee4,28
ca94860d-56c2-4b68-ac00-6d48d0de8ee4,12
ca94860d-56c2-4b68-ac00-6d48d0de8ee4,53
"9b4a8296-c6fe-40c6-b1c5-9807b2004976",28
"9b4a8296-c6fe-40c6-b1c5-9807b2004976",18
dc18e978-7d17-4d05-ac8e-678a609fbcc7,18
"6e76b203-3e19-4f72-9980-92752d48809a",10749
"6e76b203-3e19-4f72-9980-92752d48809a",18
"6e76b203-3e19-4f72-9980-92752d48809a",28
"8a973d17-fccf-4240-8157-573db91eaa6c",18
cb500bc6-ef03-4205-86fe-33d0c6d2ec11,14
cb500bc6-ef03-4205-86fe-33d0c6d2ec11,35
cb500bc6-ef03-4205-86fe-33d0c6d2ec11,10751
"0855b28a-f73d-4302-8d48-2a2353d08321",28
"0855b28a-f73d-4302-8d48-2a2353d08321",35
"0855b28a-f73d-4302-8d48-2a2353d08321",80
eaf58060-210e-465a-92e4-eed803451813,35
eaf58060-210e-465a-92e4-eed803451813,27
e90836cf-cc5f-477d-9ca1-a44f1bd95abf,28
e90836cf-cc5f-477d-9ca1-a44f1bd95abf,12
e90836cf-cc5f-477d-9ca1-a44f1bd95abf,53
e90836cf-cc5f-477d-9ca1-a44f1bd95abf,10752
"520d36be-24be-4e74-857d-c27b2f9e1f83",28
"520d36be-24be-4e74-857d-c27b2f9e1f83",53
"520d36be-24be-4e74-857d-c27b2f9e1f83",878
a09cc505-1e03-49ec-9500-63478944a532,35
"43cf3e92-abba-4b8a-aaeb-b9b124458ea3",35
"43cf3e92-abba-4b8a-aaeb-b9b124458ea3",18
bb73a806-7713-47b3-8355-b4151511a743,35
bb73a806-7713-47b3-8355-b4151511a743,27
bb73a806-7713-47b3-8355-b4151511a743,878
"4d53ce95-43bf-4cfa-9f09-4f1520a006ed",27
"4d53ce95-43bf-4cfa-9f09-4f1520a006ed",53
fe63a509-ad1d-4960-b4a9-b704a6aa9ea0,18
fe63a509-ad1d-4960-b4a9-b704a6aa9ea0,10749
fe63a509-ad1d-4960-b4a9-b704a6aa9ea0,35
d765d21d-1675-46ad-a107-13461fc86157,28
d765d21d-1675-46ad-a107-13461fc86157,53
d765d21d-1675-46ad-a107-13461fc86157,878
"51fecd44-437f-490e-9bcd-e3a386e95932",35
"51fecd44-437f-490e-9bcd-e3a386e95932",80
"51fecd44-437f-490e-9bcd-e3a386e95932",12
"33569568-7c3e-4baa-84a8-cae15dca2350",35
"540ef20e-292e-49ec-b2c4-584501eef931",35
"6931e7d6-7d10-4454-8101-3a11734fbdfd",28
"6931e7d6-7d10-4454-8101-3a11734fbdfd",12
"6931e7d6-7d10-4454-8101-3a11734fbdfd",35
f851fa63-1c5d-473d-9405-375675a20771,12
f851fa63-1c5d-473d-9405-375675a20771,28
f851fa63-1c5d-473d-9405-375675a20771,53
f851fa63-1c5d-473d-9405-375675a20771,878
d9e484d0-3dcc-49b8-b4bb-c2babe11b19e,28
"110d3753-c18e-45b8-9f4d-cf2736abe00a",28
"110d3753-c18e-45b8-9f4d-cf2736abe00a",53
"06480b5c-ced6-42bc-8bbc-9747023cf799",80
"06480b5c-ced6-42bc-8bbc-9747023cf799",28
"0e872cc4-c429-428c-8c71-a62fb4c24c96",28
"0e872cc4-c429-428c-8c71-a62fb4c24c96",12
"0e872cc4-c429-428c-8c71-a62fb4c24c96",18
"0e872cc4-c429-428c-8c71-a62fb4c24c96",10752
fb855bea-eec0-4204-be37-7986abaf6887,28
"96222ab6-29a3-4043-b5c2-a90a386c0d97",28
da9120a9-5384-4692-8032-b7297dcf0250,28
da9120a9-5384-4692-8032-b7297dcf0250,18
da9120a9-5384-4692-8032-b7297dcf0250,53
"0bed1543-84ac-4c53-be68-43299ced4897",18
"0bed1543-84ac-4c53-be68-43299ced4897",10752
a4bd9509-19e3-476d-848d-518ad20b742c,28
a4bd9509-19e3-476d-848d-518ad20b742c,12
a4bd9509-19e3-476d-848d-518ad20b742c,18
a4bd9509-19e3-476d-848d-518ad20b742c,10751
bda4765b-36ed-4693-b2af-e3d2ecec462b,28
bda4765b-36ed-4693-b2af-e3d2ecec462b,53
bda4765b-36ed-4693-b2af-e3d2ecec462b,12
"4e7872c0-5351-471d-b26f-27a6f90fdfed",28
"318660da-1c50-40f0-9f4c-2291ec6ee0c6",27
"318660da-1c50-40f0-9f4c-2291ec6ee0c6",878
"3d3ea7a8-8b5b-4392-81bb-d08dde330acc",28
"3d3ea7a8-8b5b-4392-81bb-d08dde330acc",53
"97d149d2-57d0-489c-93e7-6d8adcc0f9f9",28
"4544a546-42da-4757-8499-041a20af38c9",80
"4544a546-42da-4757-8499-041a20af38c9",28
b657e15a-9e33-4b6a-a39f-2f22d56e1a6f,28
b657e15a-9e33-4b6a-a39f-2f22d56e1a6f,10752
"46b5ed45-a5bd-4f51-8f0a-54e647ebc7ce",27
"46b5ed45-a5bd-4f51-8f0a-54e647ebc7ce",53
"46b5ed45-a5bd-4f51-8f0a-54e647ebc7ce",878
"46b5ed45-a5bd-4f51-8f0a-54e647ebc7ce",9648
"2ed1d67e-a806-4e35-b625-ca2b029e366c",878
"2ed1d67e-a806-4e35-b625-ca2b029e366c",35
"2ed1d67e-a806-4e35-b625-ca2b029e366c",27
b5142384-c03e-4d50-93e0-75a438484955,28
"428373c3-7ce0-44c2-b46b-3e5ed3c019b3",28
"428373c3-7ce0-44c2-b46b-3e5ed3c019b3",12
"428373c3-7ce0-44c2-b46b-3e5ed3c019b3",18
"428373c3-7ce0-44c2-b46b-3e5ed3c019b3",53
"3b84cea3-1fc0-46e2-9288-c5bfa0ebf6d9",63
"1ffb3a43-6fe7-4bb2-82c6-622a79004264",63
"4fbcc3c8-d5cd-481d-8768-71d403cfae3b",35
"4fbcc3c8-d5cd-481d-8768-71d403cfae3b",10749
"2c24fe5f-8e16-45c0-9f68-3a1340345ab7",18
"5df08166-54af-435f-b299-52a0c616e9c0",18
"5df08166-54af-435f-b299-52a0c616e9c0",35
"7da737c2-e4a7-4a3f-bf85-a8d907e74081",10749
"7da737c2-e4a7-4a3f-bf85-a8d907e74081",35
"7da737c2-e4a7-4a3f-bf85-a8d907e74081",80
"3b3af8a6-a0b7-46b3-ae3c-110a7d85cdf0",35
"9945aa3f-72b1-4b9d-af01-8e4dd4bee884",80
"3b3af8a6-a0b7-46b3-ae3c-110a7d85cdf0",18
"9945aa3f-72b1-4b9d-af01-8e4dd4bee884",10749
"9ceaf448-2e04-494e-9f2b-10515dc90351",18
"96cb8ea6-1d8f-4d18-8371-8c6ff7727001",80
"9ceaf448-2e04-494e-9f2b-10515dc90351",53
"96cb8ea6-1d8f-4d18-8371-8c6ff7727001",18
ef47aa8e-ef25-448d-b1c4-66a760af373c,35
"647bf995-3572-4814-a884-d8a700b84358",35
"085bec8a-5bc2-43fc-91e9-96f69dd8e502",35
ef47aa8e-ef25-448d-b1c4-66a760af373c,9648
"8309e00e-76ed-4402-a6ff-fdc24f825506",18
"83971939-e7cf-45e3-9a0e-3ed41d1719d2",18
"0f320f0e-d8ac-49df-871c-0d741a7ef636",18
"80ce536b-4ed7-4e03-860b-11b2e6157d15",18
"8309e00e-76ed-4402-a6ff-fdc24f825506",36
"83971939-e7cf-45e3-9a0e-3ed41d1719d2",10749
"0f320f0e-d8ac-49df-871c-0d741a7ef636",10749
"80ce536b-4ed7-4e03-860b-11b2e6157d15",35
"83971939-e7cf-45e3-9a0e-3ed41d1719d2",10752
"80ce536b-4ed7-4e03-860b-11b2e6157d15",36
"80ce536b-4ed7-4e03-860b-11b2e6157d15",10749
"0dacccc5-7809-42cc-a4f2-22686b723b2c",18
b6ec18a7-4da6-4aa7-aaa7-e8e971e9e892,35
"32a0688e-fd48-4429-86c7-2eb77ec82917",35
"791c2c1c-83cf-4f80-8d85-803e67ef0aa2",18
"0dacccc5-7809-42cc-a4f2-22686b723b2c",10749
b6ec18a7-4da6-4aa7-aaa7-e8e971e9e892,10749
"32a0688e-fd48-4429-86c7-2eb77ec82917",878
"32a0688e-fd48-4429-86c7-2eb77ec82917",14
"32a0688e-fd48-4429-86c7-2eb77ec82917",27
"031a2d46-b107-4479-bae6-047b0c8b0468",18
"7a089053-1546-4fa8-91dd-9acdb314912c",18
a7d06ecb-29cc-4943-8327-6a6ba45ba4e8,35
ffad8bbb-fdcb-4d2b-ae43-eaa46f84fe2d,80
"7a089053-1546-4fa8-91dd-9acdb314912c",53
ffad8bbb-fdcb-4d2b-ae43-eaa46f84fe2d,18
a7d06ecb-29cc-4943-8327-6a6ba45ba4e8,18
a7d06ecb-29cc-4943-8327-6a6ba45ba4e8,10749
ce66d214-40dd-4552-ac18-82e7f447ed81,12
c289838e-40b5-4a12-938d-a0e8c08df3c2,35
ce66d214-40dd-4552-ac18-82e7f447ed81,878
c289838e-40b5-4a12-938d-a0e8c08df3c2,10749
"8a207a86-2c69-43a7-b7b1-c17f751b8005",35
"8a207a86-2c69-43a7-b7b1-c17f751b8005",27
"98fa072c-5e2a-4909-906c-e58ec7166e19",28
ea3414e4-ec7a-401d-8430-094b0171fe58,28
"61d9aca2-e15c-4981-a431-4f6a5d449b7b",80
"98fa072c-5e2a-4909-906c-e58ec7166e19",53
ea3414e4-ec7a-401d-8430-094b0171fe58,53
"61d9aca2-e15c-4981-a431-4f6a5d449b7b",18
"98fa072c-5e2a-4909-906c-e58ec7166e19",10752
"98fa072c-5e2a-4909-906c-e58ec7166e19",18
a55d16ea-c505-4235-8e28-a845c200c4a7,27
a55d16ea-c505-4235-8e28-a845c200c4a7,878
a55d16ea-c505-4235-8e28-a845c200c4a7,10749
"7306d777-cc64-4773-9ce5-e99b4c769abc",18
"12f4fc21-adc7-410b-8ac9-50f671844240",36
"193ad47e-6665-4146-a253-90fe5590a25e",18
"12f4fc21-adc7-410b-8ac9-50f671844240",10749
"193ad47e-6665-4146-a253-90fe5590a25e",10752
"6d9bdb07-c5c0-4c3b-98b6-aa6916a9a704",18
"12f4fc21-adc7-410b-8ac9-50f671844240",18
"6d9bdb07-c5c0-4c3b-98b6-aa6916a9a704",10749
"6d9bdb07-c5c0-4c3b-98b6-aa6916a9a704",10752
"787e93a4-4987-49f0-86e5-cc3e4fd1d65c",878
d997dd56-760b-450f-b683-74c61e7860e8,18
"787e93a4-4987-49f0-86e5-cc3e4fd1d65c",10749
"1b68aafd-d702-4e1b-8eb1-2d604d1a95f3",80
"787e93a4-4987-49f0-86e5-cc3e4fd1d65c",18
"1b68aafd-d702-4e1b-8eb1-2d604d1a95f3",9648
"787e93a4-4987-49f0-86e5-cc3e4fd1d65c",14
"1b68aafd-d702-4e1b-8eb1-2d604d1a95f3",53
d3f57df5-55a0-4994-a58e-0052cebb4a8b,18
"597293e4-fff7-4f03-a433-ef633fbb5fa5",18
a052f14a-9f7f-40ae-8fff-a26c69992ffb,12
b4ff10c2-a9ce-49a9-b8cb-717b328e2b83,35
"597293e4-fff7-4f03-a433-ef633fbb5fa5",10749
a052f14a-9f7f-40ae-8fff-a26c69992ffb,18
b4ff10c2-a9ce-49a9-b8cb-717b328e2b83,10749
"597293e4-fff7-4f03-a433-ef633fbb5fa5",35
a052f14a-9f7f-40ae-8fff-a26c69992ffb,28
b4ff10c2-a9ce-49a9-b8cb-717b328e2b83,18
a052f14a-9f7f-40ae-8fff-a26c69992ffb,10749
c79c09fe-5cc7-4741-a0d7-98faa5ad30f9,28
b86408d5-2c5e-42ff-b71f-1f0f816b6dc7,35
c79c09fe-5cc7-4741-a0d7-98faa5ad30f9,35
b86408d5-2c5e-42ff-b71f-1f0f816b6dc7,80
"139082f2-4155-4352-bfcb-fd38f532ab13",27
"4d76ec36-7b68-4e1f-8bd4-c6a96697d853",878
"638c595e-3252-4247-873c-0618d0be9b3c",35
a3d936e4-29c8-406f-9aa8-987821c900a6,18
"139082f2-4155-4352-bfcb-fd38f532ab13",9648
"4d76ec36-7b68-4e1f-8bd4-c6a96697d853",12
"638c595e-3252-4247-873c-0618d0be9b3c",28
a3d936e4-29c8-406f-9aa8-987821c900a6,10402
"4d76ec36-7b68-4e1f-8bd4-c6a96697d853",28
a3d936e4-29c8-406f-9aa8-987821c900a6,10770
f0447186-0b29-4415-908d-1df09b50a6f4,35
f60219b6-9e92-4f19-8497-6d30824316cd,35
"7d70f298-2fa1-4c23-88ef-4e0ab08aa30b",35
"6ec09e2c-630b-402a-ba94-a8ce2e49ff7a",35
"7d70f298-2fa1-4c23-88ef-4e0ab08aa30b",18
"05f440f3-8cc0-4913-a582-c106ed3b7ddb",27
be4e67ba-9b89-48aa-a80b-4d1809f2b195,18
"296e532f-8f69-4ab0-b43d-9245c53f9c94",18
"05f440f3-8cc0-4913-a582-c106ed3b7ddb",18
"3f7bef10-4129-4936-8c50-7c50a34f356b",18
"296e532f-8f69-4ab0-b43d-9245c53f9c94",878
"3f7bef10-4129-4936-8c50-7c50a34f356b",36
"3f7bef10-4129-4936-8c50-7c50a34f356b",10752
"3d34299e-bb7a-4ab0-9776-34b264b79b36",35
db07a630-e6c9-49ca-8a02-2130a0e57490,878
"2f179d29-3ffe-4e7b-864e-785a13a12663",28
"3d34299e-bb7a-4ab0-9776-34b264b79b36",18
db07a630-e6c9-49ca-8a02-2130a0e57490,53
"2f179d29-3ffe-4e7b-864e-785a13a12663",878
c14bdfce-1acd-4b00-bbc3-55d386496f69,9648
"3cc31958-dcfa-4b1c-bcea-370175324d3a",12
"40a24186-ad7b-4658-8415-cb24c840afc9",35
c14bdfce-1acd-4b00-bbc3-55d386496f69,80
c14bdfce-1acd-4b00-bbc3-55d386496f69,10770
"3cc31958-dcfa-4b1c-bcea-370175324d3a",14
"40a24186-ad7b-4658-8415-cb24c840afc9",80
c84e56bb-c90d-43e1-9b2b-3cde759e1bad,18
be9cd0ad-2eea-422b-b799-1d14c89f41c7,18
b070442b-ddf9-4f55-9995-eb3b71a15b54,35
b070442b-ddf9-4f55-9995-eb3b71a15b54,10749
e82d5a88-0193-4938-be27-1aecfdb76cfb,27
"9f346bcc-7011-4ac8-ac78-8b9a136f1bfc",28
"9f346bcc-7011-4ac8-ac78-8b9a136f1bfc",18
c14bdfce-1acd-4b00-bbc3-55d386496f69,18
de07a484-7e0a-4501-a9ea-99c4d65a42de,80
b35feee2-de5e-461f-a61d-1334fd464bdb,35
c84e56bb-c90d-43e1-9b2b-3cde759e1bad,35
"3cc31958-dcfa-4b1c-bcea-370175324d3a",878
"9f346bcc-7011-4ac8-ac78-8b9a136f1bfc",80
"40a24186-ad7b-4658-8415-cb24c840afc9",10749
e82d5a88-0193-4938-be27-1aecfdb76cfb,53
de07a484-7e0a-4501-a9ea-99c4d65a42de,18
b070442b-ddf9-4f55-9995-eb3b71a15b54,10402
c14bdfce-1acd-4b00-bbc3-55d386496f69,53
"3cc31958-dcfa-4b1c-bcea-370175324d3a",35
b35feee2-de5e-461f-a61d-1334fd464bdb,12
b35feee2-de5e-461f-a61d-1334fd464bdb,14
"024cc32b-201a-4b07-b8d6-72ffe0d07344",18
"024cc32b-201a-4b07-b8d6-72ffe0d07344",10749
"1be3b9c7-4c36-471a-9707-7cd20377c9ea",28
c7a419d2-af4a-4a81-8734-3540cb065d9d,28
"1be3b9c7-4c36-471a-9707-7cd20377c9ea",18
c7a419d2-af4a-4a81-8734-3540cb065d9d,80
cee51897-ee38-40aa-b401-452d0d547ac9,9648
"0170e25a-37c1-4162-8fbd-17c8b694e267",18
"9ebb356a-1d77-42d2-b5e9-50151debe335",12
f5c0596d-6cca-4638-b37a-8c7e54f79591,14
"0170e25a-37c1-4162-8fbd-17c8b694e267",10749
"9ebb356a-1d77-42d2-b5e9-50151debe335",14
f5c0596d-6cca-4638-b37a-8c7e54f79591,35
"9ebb356a-1d77-42d2-b5e9-50151debe335",28
f5c0596d-6cca-4638-b37a-8c7e54f79591,10749
"9ebb356a-1d77-42d2-b5e9-50151debe335",878
f622ee9d-e05b-4b5b-9770-f6e90002f2c2,27
fb0cef9c-293b-440c-b8d8-9f9bb546ef12,27
"0dda06e7-f237-4be3-af30-febc7288fd81",27
"87a739c0-2e2e-4b0c-b247-e7f9b96a4524",27
fb0cef9c-293b-440c-b8d8-9f9bb546ef12,53
"87a739c0-2e2e-4b0c-b247-e7f9b96a4524",53
"0dda06e7-f237-4be3-af30-febc7288fd81",53
"87a739c0-2e2e-4b0c-b247-e7f9b96a4524",14
b4e26409-3d12-4a4d-8456-6fe025e8f681,12
"58a6ed2a-66db-4fc9-841d-4ae529281938",28
"16584fea-249f-4856-a435-470b26604f82",28
b4e26409-3d12-4a4d-8456-6fe025e8f681,28
c526f27a-27ad-4313-a425-e2d1bf1a7695,28
"58a6ed2a-66db-4fc9-841d-4ae529281938",14
"16584fea-249f-4856-a435-470b26604f82",53
b4e26409-3d12-4a4d-8456-6fe025e8f681,10752
c526f27a-27ad-4313-a425-e2d1bf1a7695,53
"58a6ed2a-66db-4fc9-841d-4ae529281938",878
"16584fea-249f-4856-a435-470b26604f82",878
c526f27a-27ad-4313-a425-e2d1bf1a7695,80
"58a6ed2a-66db-4fc9-841d-4ae529281938",12
"16584fea-249f-4856-a435-470b26604f82",80
c526f27a-27ad-4313-a425-e2d1bf1a7695,18
"58a6ed2a-66db-4fc9-841d-4ae529281938",53
"16584fea-249f-4856-a435-470b26604f82",27
c526f27a-27ad-4313-a425-e2d1bf1a7695,10749
"8a47c98e-bd2c-4321-9aa7-4cfa54a77aa3",28
afd60e55-ba59-4949-8f17-6a081aca8b2b,80
"28688d9a-f217-4eb2-8904-8d0b20cd4ea3",80
ccfb80a3-0c58-4c02-89f1-423e1574954f,878
c9958275-97e1-4c4a-bda9-3d5a669a8f03,878
"8a47c98e-bd2c-4321-9aa7-4cfa54a77aa3",12
afd60e55-ba59-4949-8f17-6a081aca8b2b,18
"28688d9a-f217-4eb2-8904-8d0b20cd4ea3",18
ccfb80a3-0c58-4c02-89f1-423e1574954f,28
c9958275-97e1-4c4a-bda9-3d5a669a8f03,28
"8a47c98e-bd2c-4321-9aa7-4cfa54a77aa3",878
"28688d9a-f217-4eb2-8904-8d0b20cd4ea3",9648
ccfb80a3-0c58-4c02-89f1-423e1574954f,12
c9958275-97e1-4c4a-bda9-3d5a669a8f03,12
e35469f1-f0d7-45d8-8301-e08e0021e5c0,12
e35469f1-f0d7-45d8-8301-e08e0021e5c0,35
ad184962-7bbe-4479-a27f-bdb366de1fd4,28
ad184962-7bbe-4479-a27f-bdb366de1fd4,53
be36fe7f-1957-4f0d-8279-626af4836d76,28
ec5143a4-dabd-4469-b7e7-e5583b6a08a5,878
"27427415-f361-4d92-a3df-0379a0046599",28
be36fe7f-1957-4f0d-8279-626af4836d76,53
de2afac2-a0ca-4228-8902-da4315fb77d3,28
ec5143a4-dabd-4469-b7e7-e5583b6a08a5,28
"27427415-f361-4d92-a3df-0379a0046599",80
de2afac2-a0ca-4228-8902-da4315fb77d3,53
"27427415-f361-4d92-a3df-0379a0046599",53
ec5143a4-dabd-4469-b7e7-e5583b6a08a5,53
de2afac2-a0ca-4228-8902-da4315fb77d3,18
ec5143a4-dabd-4469-b7e7-e5583b6a08a5,12
bc22eec5-40b9-41ec-9003-86ad6e1399e2,878
a22e8328-f62b-4eef-a9f5-b772afc671d1,80
caaa885a-731d-4bd2-abd8-eb3a86c8ef4b,18
a7051c27-fa26-4c77-bbc7-7cf57bb64a50,12
bc22eec5-40b9-41ec-9003-86ad6e1399e2,28
a22e8328-f62b-4eef-a9f5-b772afc671d1,18
a7051c27-fa26-4c77-bbc7-7cf57bb64a50,14
bc22eec5-40b9-41ec-9003-86ad6e1399e2,12
a22e8328-f62b-4eef-a9f5-b772afc671d1,10749
a22e8328-f62b-4eef-a9f5-b772afc671d1,53
a6314f05-5a8b-44a6-9ec9-8430db5a1884,80
"7583522a-3f6c-4e8a-95a2-36b3192a7372",27
"932dd5f9-c1b1-4c10-9beb-09938ed3ae32",14
a6314f05-5a8b-44a6-9ec9-8430db5a1884,18
"7583522a-3f6c-4e8a-95a2-36b3192a7372",53
"932dd5f9-c1b1-4c10-9beb-09938ed3ae32",28
a6314f05-5a8b-44a6-9ec9-8430db5a1884,9648
"932dd5f9-c1b1-4c10-9beb-09938ed3ae32",80
a6314f05-5a8b-44a6-9ec9-8430db5a1884,53
"661171ce-81e1-478f-ac37-97116d64a0a9",80
"50cbbfd0-4c83-4337-a509-91be1777aac1",28
"661171ce-81e1-478f-ac37-97116d64a0a9",10749
"50cbbfd0-4c83-4337-a509-91be1777aac1",12
"661171ce-81e1-478f-ac37-97116d64a0a9",18
"50cbbfd0-4c83-4337-a509-91be1777aac1",35
"3d20e577-ca2a-4109-9622-a121dcd89f5e",53
"49a2eac0-1dfb-4302-ac68-88b9593e6c17",28
"4c3ac173-6289-48be-8828-2182cda024d8",27
"3d20e577-ca2a-4109-9622-a121dcd89f5e",878
"49a2eac0-1dfb-4302-ac68-88b9593e6c17",80
"4c3ac173-6289-48be-8828-2182cda024d8",53
"49a2eac0-1dfb-4302-ac68-88b9593e6c17",53
f791d3ec-cf27-419c-88eb-9f052b5fcedf,28
"298d8469-5755-4530-918e-4273dc6734f6",10752
"737274b6-34c3-4584-b54f-66eea3d0a8a5",28
f791d3ec-cf27-419c-88eb-9f052b5fcedf,80
"298d8469-5755-4530-918e-4273dc6734f6",28
"737274b6-34c3-4584-b54f-66eea3d0a8a5",878
f791d3ec-cf27-419c-88eb-9f052b5fcedf,18
"737274b6-34c3-4584-b54f-66eea3d0a8a5",53
f791d3ec-cf27-419c-88eb-9f052b5fcedf,53
"6d42844b-22ba-4ff6-b7db-39a52d1c6320",28
"1024ed3f-3baf-4a38-ba49-bbad769794ca",28
"1d22cd50-99b3-48bb-a496-75db2c73c206",35
"6b02d78b-fcf4-46e7-98ff-c54a6acd77d3",12
"2fbdc317-2395-4b5b-a837-8cbfc3bf78ad",28
"1024ed3f-3baf-4a38-ba49-bbad769794ca",80
"73a0dd80-d273-48e6-8eba-90e60afdb741",18
"8b7b5588-fbb1-4b36-bcfb-7b193478e09a",12
"1d22cd50-99b3-48bb-a496-75db2c73c206",10749
"2fbdc317-2395-4b5b-a837-8cbfc3bf78ad",53
"6b02d78b-fcf4-46e7-98ff-c54a6acd77d3",28
"8b7b5588-fbb1-4b36-bcfb-7b193478e09a",28
"73a0dd80-d273-48e6-8eba-90e60afdb741",10749
"1024ed3f-3baf-4a38-ba49-bbad769794ca",53
"1d22cd50-99b3-48bb-a496-75db2c73c206",878
"6b02d78b-fcf4-46e7-98ff-c54a6acd77d3",878
"74cc7bb6-1219-4f5d-bffd-b681dc9b9de6",53
"74cc7bb6-1219-4f5d-bffd-b681dc9b9de6",27
"74cc7bb6-1219-4f5d-bffd-b681dc9b9de6",9648
ebd3deaa-02ec-45cd-9639-933303f000b5,27
ebd3deaa-02ec-45cd-9639-933303f000b5,53
ebd3deaa-02ec-45cd-9639-933303f000b5,14
c2afd626-f83e-4a4e-8a1b-8979a2b38b8c,35
c2afd626-f83e-4a4e-8a1b-8979a2b38b8c,14
"2cb19132-9ddf-46d1-932a-ab072f70c0f7",28
"33c42555-a4b1-4d72-b218-4fe2cd0a42ed",16
"2cb19132-9ddf-46d1-932a-ab072f70c0f7",35
"3edc5b92-3c8c-4754-bef4-8a466a040764",35
"33c42555-a4b1-4d72-b218-4fe2cd0a42ed",878
"3edc5b92-3c8c-4754-bef4-8a466a040764",18
"33c42555-a4b1-4d72-b218-4fe2cd0a42ed",12
"3edc5b92-3c8c-4754-bef4-8a466a040764",10749
"33c42555-a4b1-4d72-b218-4fe2cd0a42ed",14
"33c42555-a4b1-4d72-b218-4fe2cd0a42ed",10402
"0ad690df-c52c-4639-8d0d-d898bd570de1",35
"4c99e624-0e95-4fe6-92f2-dee8c5af1b5e",37
aeb23eb9-0888-45df-8be3-03a864b89bda,878
c5c7641e-23b2-4802-927f-b8b865676b11,878
"0ad690df-c52c-4639-8d0d-d898bd570de1",18
aeb23eb9-0888-45df-8be3-03a864b89bda,27
"4647ea91-7d7a-4ca7-a47a-7eaccb57a7b6",28
"297971d8-2037-4602-bfe0-55a86373f043",28
"4e034213-ceff-46d5-b8b4-8ea9a1f58659",10749
"8f1672da-5561-46d0-a900-47a9cb485cff",18
"68849748-7927-4f66-b233-4a51a16c359a",35
"1eae6f89-a115-4d52-b6de-db9009d2d028",99
"08703792-fefd-40db-a7e2-0fe684f82b88",878
e1d086be-a352-43ca-8c63-738331d081ca,10751
fe55d6cd-c08e-480b-88bd-47514e41c6c1,10751
"0cb2fbf6-629d-49f5-b9d8-7e8bda4ef777",35
"8e91f7c0-027f-4f09-8d18-f2580d07041a",35
"01276c58-7a2f-4a6d-98a6-470588fc8f8b",10749
"4c99e624-0e95-4fe6-92f2-dee8c5af1b5e",28
"3bd91b23-51c5-4443-8194-8ad25d181f1f",10749
"297971d8-2037-4602-bfe0-55a86373f043",12
"2405c061-be81-42f6-9c60-bcf547a79b70",36
e4f8ffec-b637-4d95-abba-9d39dbc4e7de,80
"820c275d-c4e2-43bb-8b30-3f6c9a20b2c8",9648
a4ab06e6-d3cc-4a88-ab35-ae00be821b8d,35
"19b189cd-b3bb-48f9-8e90-f24bfdff6a6a",28
a099a7b9-90b3-4739-b456-40a18a319039,9648
"44dccade-d916-4ee7-9608-f600b6cb8a13",53
e1d086be-a352-43ca-8c63-738331d081ca,12
fe55d6cd-c08e-480b-88bd-47514e41c6c1,878
fde68401-e56a-42d2-955c-82016b1f4fb1,37
"52523ad2-dc9b-4c7f-b569-a12ef0297f55",53
"4b655baf-afec-4621-86f1-51d9d299f628",12
c5c7641e-23b2-4802-927f-b8b865676b11,35
"3bd91b23-51c5-4443-8194-8ad25d181f1f",878
"4a07b180-d7c6-4233-9027-088f6240c87d",12
"86de8304-83a3-41c0-bdf8-9de63c93a906",10749
cbd28bae-9e50-4279-945b-91d853ff2cc7,35
"820c275d-c4e2-43bb-8b30-3f6c9a20b2c8",53
"33d93675-b798-4094-ad97-b75b628ce5aa",35
"19b189cd-b3bb-48f9-8e90-f24bfdff6a6a",10749
"46da3e13-f5c0-4f86-8d06-80e108ee67a8",10402
"0571777d-2e0c-4f2b-b50d-32011a13f048",80
"7d5d6f30-3865-466f-b564-5605b174558b",18
"148d21e3-7c8f-464c-b47e-27c99ec9123a",10751
"52523ad2-dc9b-4c7f-b569-a12ef0297f55",9648
"01276c58-7a2f-4a6d-98a6-470588fc8f8b",35
c5c7641e-23b2-4802-927f-b8b865676b11,12
"368dea09-1981-4194-826b-c51885e89b4e",27
"297971d8-2037-4602-bfe0-55a86373f043",80
"2405c061-be81-42f6-9c60-bcf547a79b70",18
e4f8ffec-b637-4d95-abba-9d39dbc4e7de,35
"14d719a0-b563-4ad3-a7f8-0b1e8a1acd12",9648
cbd28bae-9e50-4279-945b-91d853ff2cc7,80
"820c275d-c4e2-43bb-8b30-3f6c9a20b2c8",18
a4ab06e6-d3cc-4a88-ab35-ae00be821b8d,12
"19b189cd-b3bb-48f9-8e90-f24bfdff6a6a",18
a099a7b9-90b3-4739-b456-40a18a319039,27
"44dccade-d916-4ee7-9608-f600b6cb8a13",27
"7114cea2-976b-4864-ac05-69f5c75a85b6",12
"148d21e3-7c8f-464c-b47e-27c99ec9123a",10770
"0cb2fbf6-629d-49f5-b9d8-7e8bda4ef777",878
"01276c58-7a2f-4a6d-98a6-470588fc8f8b",53
e3964878-5e95-482e-b5d9-c846a02210b3,28
c5c7641e-23b2-4802-927f-b8b865676b11,10749
"4647ea91-7d7a-4ca7-a47a-7eaccb57a7b6",53
"4a07b180-d7c6-4233-9027-088f6240c87d",28
"16084877-9f51-4589-a908-d22cee95c5d0",28
"258b9381-f0f4-43a8-99b9-643444ecc482",35
"4e034213-ceff-46d5-b8b4-8ea9a1f58659",14
e3de1ee6-79ba-4c07-8ff4-35178f05baf7,10751
"8176df23-7dae-42ce-88a7-03845f3180c2",35
"68849748-7927-4f66-b233-4a51a16c359a",18
f7fae74f-7513-455d-b2e6-527398404fac,18
"0571777d-2e0c-4f2b-b50d-32011a13f048",53
d36e7eda-d65e-4493-b146-0190b28d9069,35
ddedbc4a-f4a5-48e2-943d-b45464777741,35
"148d21e3-7c8f-464c-b47e-27c99ec9123a",12
"1b6e2c7f-2401-4c9c-b6bd-013f3f5b61de",35
e3964878-5e95-482e-b5d9-c846a02210b3,18
"4647ea91-7d7a-4ca7-a47a-7eaccb57a7b6",878
"4a07b180-d7c6-4233-9027-088f6240c87d",80
e3233e37-056b-4a27-a24a-5464b17f6f65,35
bcb26b2b-af63-4f61-859e-f1c6901b84fb,18
"16084877-9f51-4589-a908-d22cee95c5d0",53
"14d719a0-b563-4ad3-a7f8-0b1e8a1acd12",80
cbd28bae-9e50-4279-945b-91d853ff2cc7,28
"8f1672da-5561-46d0-a900-47a9cb485cff",80
"8176df23-7dae-42ce-88a7-03845f3180c2",28
"19b189cd-b3bb-48f9-8e90-f24bfdff6a6a",36
"46da3e13-f5c0-4f86-8d06-80e108ee67a8",35
a199bec3-d676-446f-9e50-f3f8f755cff9,10751
e1d086be-a352-43ca-8c63-738331d081ca,35
"148d21e3-7c8f-464c-b47e-27c99ec9123a",878
"72d2eaed-0542-408f-aeb1-899b034bbb76",27
b0fb7c3f-16db-4c32-aa50-48935a8f77f4,80
"4b655baf-afec-4621-86f1-51d9d299f628",10751
"0aee6d92-bb87-49be-9f4b-9597a7579fc8",28
"297971d8-2037-4602-bfe0-55a86373f043",53
"16084877-9f51-4589-a908-d22cee95c5d0",18
"86de8304-83a3-41c0-bdf8-9de63c93a906",35
"4e034213-ceff-46d5-b8b4-8ea9a1f58659",35
"3ea5be47-b212-4cad-aae9-a417e0259e29",80
a4ab06e6-d3cc-4a88-ab35-ae00be821b8d,28
dd2df805-715c-498b-8cb8-816dc993d09a,53
cbdfcd03-f210-4b29-b8e2-b05926be613a,36
"19b189cd-b3bb-48f9-8e90-f24bfdff6a6a",10752
"7887bc69-327f-4560-a53c-4703f6420c4f",27
a199bec3-d676-446f-9e50-f3f8f755cff9,18
d36e7eda-d65e-4493-b146-0190b28d9069,10752
fe55d6cd-c08e-480b-88bd-47514e41c6c1,12
"1b6e2c7f-2401-4c9c-b6bd-013f3f5b61de",878
b0fb7c3f-16db-4c32-aa50-48935a8f77f4,35
e3964878-5e95-482e-b5d9-c846a02210b3,53
"3bd91b23-51c5-4443-8194-8ad25d181f1f",35
"4a07b180-d7c6-4233-9027-088f6240c87d",35
bcb26b2b-af63-4f61-859e-f1c6901b84fb,28
"16084877-9f51-4589-a908-d22cee95c5d0",80
"258b9381-f0f4-43a8-99b9-643444ecc482",14
"4e034213-ceff-46d5-b8b4-8ea9a1f58659",12
"443831f0-1997-46a9-b3aa-4bca0d810fc5",18
"5c7dae63-7ef4-4d29-b3cc-5c77f5d66891",35
dd2df805-715c-498b-8cb8-816dc993d09a,18
"33d93675-b798-4094-ad97-b75b628ce5aa",10749
"46da3e13-f5c0-4f86-8d06-80e108ee67a8",28
"0571777d-2e0c-4f2b-b50d-32011a13f048",18
fcad391b-09d0-48f9-b8d6-1b4f1ef8c6e6,53
"08703792-fefd-40db-a7e2-0fe684f82b88",35
"148d21e3-7c8f-464c-b47e-27c99ec9123a",14
"72d2eaed-0542-408f-aeb1-899b034bbb76",35
c47866ca-4064-4ddd-b333-d184047ba72b,18
"297971d8-2037-4602-bfe0-55a86373f043",35
bc57a10b-53e3-4e81-a7fe-761eb61b4f32,35
"2405c061-be81-42f6-9c60-bcf547a79b70",10749
"3ea5be47-b212-4cad-aae9-a417e0259e29",18
"5c7dae63-7ef4-4d29-b3cc-5c77f5d66891",28
dd2df805-715c-498b-8cb8-816dc993d09a,27
cbdfcd03-f210-4b29-b8e2-b05926be613a,10752
"46da3e13-f5c0-4f86-8d06-80e108ee67a8",80
f7fae74f-7513-455d-b2e6-527398404fac,35
a199bec3-d676-446f-9e50-f3f8f755cff9,14
e1d086be-a352-43ca-8c63-738331d081ca,16
"27ef7bf7-8c12-4e8a-b4ad-fa6faf0120bd",18
fe55d6cd-c08e-480b-88bd-47514e41c6c1,10770
"1b6e2c7f-2401-4c9c-b6bd-013f3f5b61de",12
"52523ad2-dc9b-4c7f-b569-a12ef0297f55",28
b0fb7c3f-16db-4c32-aa50-48935a8f77f4,9648
"4a07b180-d7c6-4233-9027-088f6240c87d",53
bcb26b2b-af63-4f61-859e-f1c6901b84fb,80
"14d719a0-b563-4ad3-a7f8-0b1e8a1acd12",35
"4e034213-ceff-46d5-b8b4-8ea9a1f58659",10751
"443831f0-1997-46a9-b3aa-4bca0d810fc5",10749
cbdfcd03-f210-4b29-b8e2-b05926be613a,18
"68849748-7927-4f66-b233-4a51a16c359a",10749
"1eae6f89-a115-4d52-b6de-db9009d2d028",10402
"7114cea2-976b-4864-ac05-69f5c75a85b6",14
fe55d6cd-c08e-480b-88bd-47514e41c6c1,14
fde68401-e56a-42d2-955c-82016b1f4fb1,35
"1b6e2c7f-2401-4c9c-b6bd-013f3f5b61de",10751
"52523ad2-dc9b-4c7f-b569-a12ef0297f55",80
c47866ca-4064-4ddd-b333-d184047ba72b,10749
"4b655baf-afec-4621-86f1-51d9d299f628",878
d0f2d733-ecc6-4eb2-87c5-1218bbd412d8,27
ed82372d-31d7-4771-94aa-73cf83b90a62,27
d0f2d733-ecc6-4eb2-87c5-1218bbd412d8,9648
ed82372d-31d7-4771-94aa-73cf83b90a62,53
d0f2d733-ecc6-4eb2-87c5-1218bbd412d8,53
b2567a66-03f7-4fd2-b79e-257b15022bfb,35
"05af187d-82c7-4d30-ad88-5a497cfe6a59",35
fd9233b8-6d19-43f4-996f-a08140e2cb55,35
fd9233b8-6d19-43f4-996f-a08140e2cb55,18
eeaf2f70-382b-42c9-a413-8800cb8d3294,12
eeaf2f70-382b-42c9-a413-8800cb8d3294,16
eeaf2f70-382b-42c9-a413-8800cb8d3294,18
eeaf2f70-382b-42c9-a413-8800cb8d3294,10751
b9d355ec-0381-42da-853e-cab959dbffd3,28
b9d355ec-0381-42da-853e-cab959dbffd3,12
b9d355ec-0381-42da-853e-cab959dbffd3,53
de862b4b-d544-463d-bfb6-9e0f678ec1e1,35
de862b4b-d544-463d-bfb6-9e0f678ec1e1,10749
de862b4b-d544-463d-bfb6-9e0f678ec1e1,18
"6b106581-a12c-4ea6-88bb-9266dc8b1606",27
"944fe1e0-0716-41d2-853c-ff7053b2aa81",28
"6b106581-a12c-4ea6-88bb-9266dc8b1606",28
c91117eb-0480-4f2b-97ec-95166aaee385,18
"944fe1e0-0716-41d2-853c-ff7053b2aa81",80
"6b106581-a12c-4ea6-88bb-9266dc8b1606",878
c91117eb-0480-4f2b-97ec-95166aaee385,36
"944fe1e0-0716-41d2-853c-ff7053b2aa81",53
"6b106581-a12c-4ea6-88bb-9266dc8b1606",35
"30bfad69-10b9-46b1-af78-f441cbefbd55",28
d6b75278-0b8a-4eea-a523-932f00b91b24,28
"73995184-881c-4120-b538-84a7ce798b3e",18
"30bfad69-10b9-46b1-af78-f441cbefbd55",10752
def0fc3a-52e4-4945-97f5-7c32c5908adf,28
d6b75278-0b8a-4eea-a523-932f00b91b24,80
"73995184-881c-4120-b538-84a7ce798b3e",28
"73995184-881c-4120-b538-84a7ce798b3e",53
def0fc3a-52e4-4945-97f5-7c32c5908adf,80
def0fc3a-52e4-4945-97f5-7c32c5908adf,37
"20c7f39b-0a2a-49a1-8cdb-b4667f5ede9e",12
f0dd1121-2a44-41a0-b928-53fe376919c0,28
"636656b3-0940-4f87-afc5-f69b5737f548",28
ecd2c803-ee78-48df-b414-199c129ac2f5,10751
b9e615ce-621a-4379-aa76-f82422e55425,35
"20c7f39b-0a2a-49a1-8cdb-b4667f5ede9e",18
f0dd1121-2a44-41a0-b928-53fe376919c0,10751
ecd2c803-ee78-48df-b414-199c129ac2f5,14
"636656b3-0940-4f87-afc5-f69b5737f548",10751
b9e615ce-621a-4379-aa76-f82422e55425,10402
"20c7f39b-0a2a-49a1-8cdb-b4667f5ede9e",28
f0dd1121-2a44-41a0-b928-53fe376919c0,18
ecd2c803-ee78-48df-b414-199c129ac2f5,10770
b9e615ce-621a-4379-aa76-f82422e55425,10749
"20c7f39b-0a2a-49a1-8cdb-b4667f5ede9e",10749
"636656b3-0940-4f87-afc5-f69b5737f548",18
f0dd1121-2a44-41a0-b928-53fe376919c0,12
ecd2c803-ee78-48df-b414-199c129ac2f5,12
"20c7f39b-0a2a-49a1-8cdb-b4667f5ede9e",10751
"5a79c776-93e9-407a-a4c4-1424c4d34ad1",80
"5a79c776-93e9-407a-a4c4-1424c4d34ad1",18
"25beac35-0311-452d-a864-de6a3caba09a",28
"2cc372d3-42f6-4fb1-bb97-e1622e03e4f5",80
"898c636c-ecae-43ef-9566-f3f7a28cffe9",28
"25beac35-0311-452d-a864-de6a3caba09a",12
"2cc372d3-42f6-4fb1-bb97-e1622e03e4f5",53
"898c636c-ecae-43ef-9566-f3f7a28cffe9",53
"25beac35-0311-452d-a864-de6a3caba09a",18
"2cc372d3-42f6-4fb1-bb97-e1622e03e4f5",28
c59dd8c6-d7ad-4b9a-aa7e-6c1bb0fe581a,12
"2f0e57a4-e26d-477e-aa0e-cbf3401c47bd",12
c59dd8c6-d7ad-4b9a-aa7e-6c1bb0fe581a,35
"2f0e57a4-e26d-477e-aa0e-cbf3401c47bd",35
c59dd8c6-d7ad-4b9a-aa7e-6c1bb0fe581a,878
"2f0e57a4-e26d-477e-aa0e-cbf3401c47bd",878
"16cdefda-5887-4126-8ffc-fc98131c3bda",80
deaa0bd5-9864-4819-b62e-0c1f5984138c,18
"16cdefda-5887-4126-8ffc-fc98131c3bda",28
deaa0bd5-9864-4819-b62e-0c1f5984138c,36
"16cdefda-5887-4126-8ffc-fc98131c3bda",35
deaa0bd5-9864-4819-b62e-0c1f5984138c,10752
"16cdefda-5887-4126-8ffc-fc98131c3bda",18
"16cdefda-5887-4126-8ffc-fc98131c3bda",53
"9647dc37-ce28-45d7-9906-e6a20d9dc7e6",35
"9647dc37-ce28-45d7-9906-e6a20d9dc7e6",10749
"573e750a-f81d-4976-855e-482446986abd",10749
"573e750a-f81d-4976-855e-482446986abd",18
cc42e3ba-294f-49e0-8eef-b114eb9248ef,80
e8d8ff5e-0110-4a5e-809c-67ae7b7c3f9e,12
cc42e3ba-294f-49e0-8eef-b114eb9248ef,18
e8d8ff5e-0110-4a5e-809c-67ae7b7c3f9e,28
e8d8ff5e-0110-4a5e-809c-67ae7b7c3f9e,878
"62cb78d0-9091-49e3-944e-b0497ad00bc3",27
"62cb78d0-9091-49e3-944e-b0497ad00bc3",9648
"62cb78d0-9091-49e3-944e-b0497ad00bc3",53
"59185c64-e193-4d25-a39f-cb944a7da1b6",12
"59185c64-e193-4d25-a39f-cb944a7da1b6",10752
"59185c64-e193-4d25-a39f-cb944a7da1b6",28
f14881a9-5334-4c8a-897c-a6fa778b1d8d,35
f3594169-f7f8-4f66-9eae-da9137ce2800,18
f14881a9-5334-4c8a-897c-a6fa778b1d8d,18
"9b0a0e7b-cdab-4b12-b52f-5411f533045e",10749
"3a6f7a2e-fc09-41ac-997b-a8be88a2c1dc",9648
f3594169-f7f8-4f66-9eae-da9137ce2800,10749
"9b0a0e7b-cdab-4b12-b52f-5411f533045e",18
"3a6f7a2e-fc09-41ac-997b-a8be88a2c1dc",53
"3a6f7a2e-fc09-41ac-997b-a8be88a2c1dc",27
"026c5f40-b62c-4db5-930c-53be7bed0037",35
"026c5f40-b62c-4db5-930c-53be7bed0037",878
"294f2132-f5a8-4c6d-a714-de488b91614d",12
"110277c6-291b-44af-bc08-b544e8b93944",28
"294f2132-f5a8-4c6d-a714-de488b91614d",28
"4def4746-2c11-4722-907a-206091dbb233",27
fcb51b86-70e3-4d20-aeaf-f02445111879,35
fcb51b86-70e3-4d20-aeaf-f02445111879,18
fcb51b86-70e3-4d20-aeaf-f02445111879,10749
"35f02c8e-5a0b-4440-a056-292d2fc776b2",28
"35f02c8e-5a0b-4440-a056-292d2fc776b2",12
"35f02c8e-5a0b-4440-a056-292d2fc776b2",35
"35f02c8e-5a0b-4440-a056-292d2fc776b2",10749
"16fd3a7f-1895-4aad-8785-5ea272af9e51",28
"16fd3a7f-1895-4aad-8785-5ea272af9e51",18
"211ca561-4eca-438c-9c28-6d451be556ca",12
"211ca561-4eca-438c-9c28-6d451be556ca",28
"211ca561-4eca-438c-9c28-6d451be556ca",53
"43650075-f5c5-495e-9000-03ff2649e9b6",36
"43650075-f5c5-495e-9000-03ff2649e9b6",80
"43650075-f5c5-495e-9000-03ff2649e9b6",18
ef147ce9-53b0-45e7-8d18-f155b4134360,12
ef147ce9-53b0-45e7-8d18-f155b4134360,18
"6ded7889-87e0-4e63-9999-d29c87491256",35
fb885f6c-2858-4bca-a5de-0d32f02c4da8,35
"6ded7889-87e0-4e63-9999-d29c87491256",10402
fb885f6c-2858-4bca-a5de-0d32f02c4da8,18
ed2716d4-ac2f-462d-bd4e-c785bc32f8f8,28
ed2716d4-ac2f-462d-bd4e-c785bc32f8f8,12
ed2716d4-ac2f-462d-bd4e-c785bc32f8f8,27
ed2716d4-ac2f-462d-bd4e-c785bc32f8f8,878
"43e3d766-9e1f-4a97-95cd-dc70d372e760",18
"43e3d766-9e1f-4a97-95cd-dc70d372e760",10749
"670236d3-ea63-470e-97e8-c0f5e72994bd",53
"670236d3-ea63-470e-97e8-c0f5e72994bd",9648
f3c54f1b-ae8e-46b7-a300-0e14a14ccafb,18
e9bed6de-5554-47cd-8c14-92731e34728e,35
"58901121-d64d-45fe-891c-7f8be10e66c5",14
"4a06c72d-8031-4f66-a8da-69a18e300277",35
"1d07f895-825a-40b2-ba9e-a081a0c7c18c",10752
"63e55241-198d-4afe-bcf9-00a6fd76a52d",37
"52cd1c0a-8e41-4900-b19d-471533663396",18
"54fbe8cf-cbcf-4ec4-9f4c-d915a86fbad9",14
f3c54f1b-ae8e-46b7-a300-0e14a14ccafb,28
"42b03efc-43eb-4f44-87c0-27dbaf5a2502",28
"0909cfa1-bd90-4492-857c-beba4115a494",10749
"61db6124-a035-4d3c-a3c8-57be133ec0b4",27
b5b84180-2618-4185-974e-a6b1069ade81,18
"08da22d8-3b9e-4c01-bfa1-b79371fbcef0",18
"43af237f-cbef-4894-b61d-57d061bc60c6",80
e9bed6de-5554-47cd-8c14-92731e34728e,18
"5b69d39e-8d24-45bb-ab3b-995d18191d4d",53
abf9ba0e-c894-4ec1-b41f-a5df4c7c3073,35
"52cd1c0a-8e41-4900-b19d-471533663396",10752
"128ac9c2-ac92-401e-b6b9-62634af8b4b4",36
"43af237f-cbef-4894-b61d-57d061bc60c6",53
"53f53d54-909d-4d54-91d8-3867f12fbc85",18
"58901121-d64d-45fe-891c-7f8be10e66c5",35
da09caf6-be31-43c0-b5bd-93bc57027815,28
"1d07f895-825a-40b2-ba9e-a081a0c7c18c",18
"61db6124-a035-4d3c-a3c8-57be133ec0b4",14
"08da22d8-3b9e-4c01-bfa1-b79371fbcef0",80
f3c54f1b-ae8e-46b7-a300-0e14a14ccafb,35
"4a06c72d-8031-4f66-a8da-69a18e300277",12
"0909cfa1-bd90-4492-857c-beba4115a494",35
"822611b3-b602-4a2a-b05c-8e9e8a838b5d",18
"29808405-2dca-4267-8695-49d12cf5ab40",12
"357252a6-af9b-4cbd-9f0c-1eebbfc8d66b",878
b5b84180-2618-4185-974e-a6b1069ade81,28
"128ac9c2-ac92-401e-b6b9-62634af8b4b4",18
"58901121-d64d-45fe-891c-7f8be10e66c5",10751
"4a06c72d-8031-4f66-a8da-69a18e300277",28
da09caf6-be31-43c0-b5bd-93bc57027815,35
"16a096c9-2238-4e9a-9d37-4ab5e01c9ce2",35
"1008f5cc-46bd-481a-a319-4a7f1412d59e",35
cbece1eb-c6b7-4924-ae2f-b797265260ad,80
"0944b012-1785-43dd-b6f9-aa80dcba3095",10749
f3c54f1b-ae8e-46b7-a300-0e14a14ccafb,10402
"42b03efc-43eb-4f44-87c0-27dbaf5a2502",37
da09caf6-be31-43c0-b5bd-93bc57027815,80
"29808405-2dca-4267-8695-49d12cf5ab40",18
"26cb0688-95e1-428d-85db-f7dc40299767",35
"1008f5cc-46bd-481a-a319-4a7f1412d59e",18
"128ac9c2-ac92-401e-b6b9-62634af8b4b4",10752
"43af237f-cbef-4894-b61d-57d061bc60c6",10749
f3c54f1b-ae8e-46b7-a300-0e14a14ccafb,10751
"8cbc1811-3cae-4fe0-8280-351083bfc84d",53
"357252a6-af9b-4cbd-9f0c-1eebbfc8d66b",53
"63e55241-198d-4afe-bcf9-00a6fd76a52d",35
b5b84180-2618-4185-974e-a6b1069ade81,12
"54fbe8cf-cbcf-4ec4-9f4c-d915a86fbad9",35
"0944b012-1785-43dd-b6f9-aa80dcba3095",18
"42b03efc-43eb-4f44-87c0-27dbaf5a2502",35
"8cbc1811-3cae-4fe0-8280-351083bfc84d",28
"357252a6-af9b-4cbd-9f0c-1eebbfc8d66b",9648
"63e55241-198d-4afe-bcf9-00a6fd76a52d",10749
"1008f5cc-46bd-481a-a319-4a7f1412d59e",10749
cbece1eb-c6b7-4924-ae2f-b797265260ad,35
"54fbe8cf-cbcf-4ec4-9f4c-d915a86fbad9",878
"29808405-2dca-4267-8695-49d12cf5ab40",53
d3824840-3587-4dce-8cbd-e33a5fbcd956,35
"53f53d54-909d-4d54-91d8-3867f12fbc85",35
"1a4c5050-61d4-4a8a-a8cf-b765c0df29b9",18
aa8be020-b8bd-4b17-b3c7-f32f1f32308a,80
aa8be020-b8bd-4b17-b3c7-f32f1f32308a,18
aa8be020-b8bd-4b17-b3c7-f32f1f32308a,53
a37fdcf1-3da1-4b21-9448-627c00b7cc27,18
a37fdcf1-3da1-4b21-9448-627c00b7cc27,12
a37fdcf1-3da1-4b21-9448-627c00b7cc27,10752
"30627a7c-0f63-4d77-8ad2-00200a545611",35
"30627a7c-0f63-4d77-8ad2-00200a545611",18
"30627a7c-0f63-4d77-8ad2-00200a545611",10752
a988eb6c-1581-4af3-90a5-ddd5b7573067,18
a988eb6c-1581-4af3-90a5-ddd5b7573067,10749
"355aefd3-b58e-4517-addc-87836910f5be",10749
"46e1d6da-a33d-4cdf-8f0c-468c26225d34",35
a0823f33-7fd3-4512-9503-ae229a74b11c,35
"90b547c5-c91e-42ff-8c2a-93f38df09665",35
"80c32d9b-aeff-4256-8c0e-987daaa60c25",35
"355aefd3-b58e-4517-addc-87836910f5be",12
"46e1d6da-a33d-4cdf-8f0c-468c26225d34",14
"90b547c5-c91e-42ff-8c2a-93f38df09665",27
"80c32d9b-aeff-4256-8c0e-987daaa60c25",10749
"46e1d6da-a33d-4cdf-8f0c-468c26225d34",10749
"90b547c5-c91e-42ff-8c2a-93f38df09665",14
"46e1d6da-a33d-4cdf-8f0c-468c26225d34",878
e1f26b06-1cf6-4a85-a2fb-69a58a55d962,18
"597a17d6-86fc-4a2a-8094-7d9162224134",27
"54274362-fbd5-466f-9702-0880a3f5e7a9",28
"0ebff639-b6b2-40fe-bf00-bd5eeba62fe2",35
"597a17d6-86fc-4a2a-8094-7d9162224134",28
"54274362-fbd5-466f-9702-0880a3f5e7a9",35
"0ebff639-b6b2-40fe-bf00-bd5eeba62fe2",878
c1f3931e-6ef9-4719-8c98-99eaef1ec251,35
c1f3931e-6ef9-4719-8c98-99eaef1ec251,80
c1f3931e-6ef9-4719-8c98-99eaef1ec251,9648
"744d0291-e549-458c-b771-b12fd47d793d",27
"744d0291-e549-458c-b771-b12fd47d793d",53
"0313e26d-c0e8-4fa2-8cfb-ffac38ebf3ea",27
dd9a436f-30e0-45c6-a937-6c094d25ff10,27
"0313e26d-c0e8-4fa2-8cfb-ffac38ebf3ea",53
cfac7fc6-aef7-4541-831f-8f56104719f4,27
"8c9497fa-efab-4b60-ae00-299f791791f5",35
cfac7fc6-aef7-4541-831f-8f56104719f4,53
"8c9497fa-efab-4b60-ae00-299f791791f5",10749
"55d246d0-071a-41ed-9abe-5be1dc438e6d",28
"6591dff1-0053-4b80-a4d5-bcc560606069",80
"55d246d0-071a-41ed-9abe-5be1dc438e6d",18
"6591dff1-0053-4b80-a4d5-bcc560606069",18
"55d246d0-071a-41ed-9abe-5be1dc438e6d",53
"41b576f1-99d5-4f8f-bee1-9ec5fd85f1bf",80
"11ae448a-22de-4780-91a5-b775749c64b7",80
"60b9fe89-dbfd-491f-98ea-c0f39c7a18c8",12
"41b576f1-99d5-4f8f-bee1-9ec5fd85f1bf",18
"070be6c2-5f15-498e-8722-66c7bf31f136",80
"7f6c266a-fef9-48ec-a745-29949dd20b94",80
"0c013f80-7b53-4ef1-888d-f87648f5f7e9",10752
"070be6c2-5f15-498e-8722-66c7bf31f136",18
"60b9fe89-dbfd-491f-98ea-c0f39c7a18c8",35
"41b576f1-99d5-4f8f-bee1-9ec5fd85f1bf",53
"0c013f80-7b53-4ef1-888d-f87648f5f7e9",18
"60b9fe89-dbfd-491f-98ea-c0f39c7a18c8",18
"0c013f80-7b53-4ef1-888d-f87648f5f7e9",36
"6c569c07-9e40-4223-8f8e-0402e98832a6",35
"9be6b434-0fe7-40d9-b122-5f217d30a282",35
"3df88e91-ab90-48f3-9038-a7c281755345",18
"9be6b434-0fe7-40d9-b122-5f217d30a282",80
"6c569c07-9e40-4223-8f8e-0402e98832a6",10749
"3df88e91-ab90-48f3-9038-a7c281755345",27
"9be6b434-0fe7-40d9-b122-5f217d30a282",18
"6c569c07-9e40-4223-8f8e-0402e98832a6",18
"3df88e91-ab90-48f3-9038-a7c281755345",53
"850769ed-fa63-4286-b13d-932363e27e25",35
"34bf7654-d225-4a5f-a31b-f26354026f19",80
e7552d37-4b10-4cfe-ad78-630398326076,35
"0dd3e4f5-cf11-4893-81c5-37cf9d2a86fe",80
e7552d37-4b10-4cfe-ad78-630398326076,18
"0dd3e4f5-cf11-4893-81c5-37cf9d2a86fe",18
e7552d37-4b10-4cfe-ad78-630398326076,14
"0dd3e4f5-cf11-4893-81c5-37cf9d2a86fe",10749
e7552d37-4b10-4cfe-ad78-630398326076,10749
"0dd3e4f5-cf11-4893-81c5-37cf9d2a86fe",53
"611df21e-ad0c-4d25-bc3d-bbfc1e422483",53
"6fa35521-91a1-4960-97c2-b422776750ed",18
"32e47d85-5fd9-4daf-b058-b5699132d340",18
"611df21e-ad0c-4d25-bc3d-bbfc1e422483",80
"6fa35521-91a1-4960-97c2-b422776750ed",80
"32e47d85-5fd9-4daf-b058-b5699132d340",9648
"611df21e-ad0c-4d25-bc3d-bbfc1e422483",9648
"32e47d85-5fd9-4daf-b058-b5699132d340",53
"611df21e-ad0c-4d25-bc3d-bbfc1e422483",18
c3dc760d-27c9-4adc-b6cb-ba70c594cc42,27
b47a9464-d849-4f44-86ad-47c6675e539f,10751
"7e1fadb1-1cf9-4a22-beea-4555c6a5d7eb",18
b47a9464-d849-4f44-86ad-47c6675e539f,878
"7e1fadb1-1cf9-4a22-beea-4555c6a5d7eb",36
b47a9464-d849-4f44-86ad-47c6675e539f,12
"7e1fadb1-1cf9-4a22-beea-4555c6a5d7eb",12
eadffd22-7f15-4ad7-b579-ff586864fb9e,53
eadffd22-7f15-4ad7-b579-ff586864fb9e,80
eadffd22-7f15-4ad7-b579-ff586864fb9e,18
"0fe838a8-be13-4443-bf72-3a54763106de",35
"29b6a297-860a-4096-a519-f3346b6ee7db",18
"0fe838a8-be13-4443-bf72-3a54763106de",10751
"29b6a297-860a-4096-a519-f3346b6ee7db",10749
"0fe838a8-be13-4443-bf72-3a54763106de",10402
"0fe838a8-be13-4443-bf72-3a54763106de",10749
"5ac93a27-9e69-4eee-9a62-2be31c97db87",18
de967f43-4de6-4980-b3c2-08f107eb3918,18
b554f3f3-15bb-41ff-a309-1686e267f977,18
de967f43-4de6-4980-b3c2-08f107eb3918,80
"99453a7a-20fd-4a14-bcef-d2cd298afa93",80
b554f3f3-15bb-41ff-a309-1686e267f977,80
"99453a7a-20fd-4a14-bcef-d2cd298afa93",18
"99453a7a-20fd-4a14-bcef-d2cd298afa93",53
"5efc28d4-b0a4-4dac-8dea-409e656656a6",12
"58119b82-6913-4d32-8ad7-0e9e9c4b9002",28
"56069181-1fac-4148-ac24-d02f525c8bbf",28
"5efc28d4-b0a4-4dac-8dea-409e656656a6",18
"58119b82-6913-4d32-8ad7-0e9e9c4b9002",12
"5efc28d4-b0a4-4dac-8dea-409e656656a6",36
"56069181-1fac-4148-ac24-d02f525c8bbf",80
"58119b82-6913-4d32-8ad7-0e9e9c4b9002",37
"5efc28d4-b0a4-4dac-8dea-409e656656a6",53
"56069181-1fac-4148-ac24-d02f525c8bbf",53
"58119b82-6913-4d32-8ad7-0e9e9c4b9002",18
"5efc28d4-b0a4-4dac-8dea-409e656656a6",10752
"56069181-1fac-4148-ac24-d02f525c8bbf",10749
"56069181-1fac-4148-ac24-d02f525c8bbf",18
"94ea14a2-efa0-45b2-9f6a-151288566793",80
"94ea14a2-efa0-45b2-9f6a-151288566793",9648
"94ea14a2-efa0-45b2-9f6a-151288566793",53
"94ea14a2-efa0-45b2-9f6a-151288566793",35
"5f603a51-1960-45f7-b46e-2f557c7ab17a",12
"1dcb8518-aeb5-4545-a3eb-3047875abdce",28
"5f603a51-1960-45f7-b46e-2f557c7ab17a",28
"1dcb8518-aeb5-4545-a3eb-3047875abdce",12
"5f603a51-1960-45f7-b46e-2f557c7ab17a",18
"1dcb8518-aeb5-4545-a3eb-3047875abdce",35
"5f603a51-1960-45f7-b46e-2f557c7ab17a",36
"1dcb8518-aeb5-4545-a3eb-3047875abdce",18
"5f603a51-1960-45f7-b46e-2f557c7ab17a",10770
"5cd35574-74d8-494c-abeb-08a6fe576e6f",99
"8d6a11d0-8506-4ce2-8306-a0f7717d383f",35
"8d6a11d0-8506-4ce2-8306-a0f7717d383f",878
f505fde8-978f-4879-a72d-17bd97779309,27
a89ef0f2-d923-4a58-bdf9-4d52fe0f4865,53
f505fde8-978f-4879-a72d-17bd97779309,14
a89ef0f2-d923-4a58-bdf9-4d52fe0f4865,35
f505fde8-978f-4879-a72d-17bd97779309,28
"42b7967e-a6f0-48cf-94a5-4d7d05d81757",35
c2f6fc7e-69c8-4c2a-8a50-e42386a58678,18
"4236fe30-82e0-4a44-a983-e77f2cfd039b",35
"1b13da4a-c9dd-4e3f-8407-418b248812de",18
"106acc3a-1145-4a08-802f-010c393b579e",80
"4236fe30-82e0-4a44-a983-e77f2cfd039b",18
c2f6fc7e-69c8-4c2a-8a50-e42386a58678,53
"2c6eb50a-9967-4c50-aff2-b475ef2f4d4a",878
"8619a0ee-94f5-407a-8c27-86ea6b1cd734",18
"4236fe30-82e0-4a44-a983-e77f2cfd039b",10749
"2c6eb50a-9967-4c50-aff2-b475ef2f4d4a",35
d876ce53-5ea2-4257-9dc9-11abd4b4a21c,36
"63da314b-7608-4213-a1ca-7962f1884dc5",35
"106acc3a-1145-4a08-802f-010c393b579e",18
"2c6eb50a-9967-4c50-aff2-b475ef2f4d4a",28
"7c6d966a-5dc4-4acd-a81f-31a41ff56a3b",53
d876ce53-5ea2-4257-9dc9-11abd4b4a21c,18
"8619a0ee-94f5-407a-8c27-86ea6b1cd734",35
"42b7967e-a6f0-48cf-94a5-4d7d05d81757",10749
a6293b29-5588-4a0c-b902-6b7b7f1e7310,9648
cb5d0af9-a275-4113-8834-74b28a916a32,10749
fa3463fd-92fb-4d4d-9295-8458a3d60a19,18
"22e03e65-fff9-4524-8b2c-b65cb076e8ec",28
"106acc3a-1145-4a08-802f-010c393b579e",53
a6293b29-5588-4a0c-b902-6b7b7f1e7310,53
bfe94cd1-18af-4f0a-b20d-561bb50d8588,80
"63da314b-7608-4213-a1ca-7962f1884dc5",18
"22e03e65-fff9-4524-8b2c-b65cb076e8ec",12
cb5d0af9-a275-4113-8834-74b28a916a32,35
bfe94cd1-18af-4f0a-b20d-561bb50d8588,35
"63da314b-7608-4213-a1ca-7962f1884dc5",10752
"22e03e65-fff9-4524-8b2c-b65cb076e8ec",53
bfe94cd1-18af-4f0a-b20d-561bb50d8588,28
d876ce53-5ea2-4257-9dc9-11abd4b4a21c,80
"7591f543-cd50-4b90-ac51-876e12aa0359",18
"22e03e65-fff9-4524-8b2c-b65cb076e8ec",80
"76b60119-e2d3-4fcd-afd0-392444410819",18
"35db83a0-9d4d-4d07-9a79-65289c6eb695",53
d35c0bc4-1258-4981-9999-93d0875a9ce2,80
"76b60119-e2d3-4fcd-afd0-392444410819",10752
"5ea10cfa-7beb-419c-a264-0149ecaeacdf",27
"717a72d4-4173-45a1-8c0d-0257a2a73f24",10751
"5ea10cfa-7beb-419c-a264-0149ecaeacdf",35
d4978c4e-a859-4b56-90d8-1cf9517c49f0,18
"717a72d4-4173-45a1-8c0d-0257a2a73f24",878
"5ea10cfa-7beb-419c-a264-0149ecaeacdf",80
"2c150bd9-8672-480b-9897-8c11b45232e7",80
"717a72d4-4173-45a1-8c0d-0257a2a73f24",12
d35c0bc4-1258-4981-9999-93d0875a9ce2,18
"2c150bd9-8672-480b-9897-8c11b45232e7",9648
"35db83a0-9d4d-4d07-9a79-65289c6eb695",878
"717a72d4-4173-45a1-8c0d-0257a2a73f24",28
"35db83a0-9d4d-4d07-9a79-65289c6eb695",27
"42b7967e-a6f0-48cf-94a5-4d7d05d81757",18
"7c6d966a-5dc4-4acd-a81f-31a41ff56a3b",27
fa3463fd-92fb-4d4d-9295-8458a3d60a19,36
"7591f543-cd50-4b90-ac51-876e12aa0359",37
"22e03e65-fff9-4524-8b2c-b65cb076e8ec",878
