id,site_id,identifiant
e196b96c-5686-4cd0-8318-1a91244381c0,1,2523
cfbc0a1a-6f79-4d89-9412-6de889a7dd84,1,707
e7f8c8ed-4374-4471-9202-be65c117599e,5,Q295233
b710c712-f26e-48e7-8655-4bc98009cceb,1,4391
f848a700-2c50-43bb-94df-045b676cdb77,1,2224
73b1436e-a13b-49ec-aae9-bdcc3f1bf4b3,1,3087
4f3f6745-8f2a-4bd2-86bc-60ecd41ed6a5,5,Q48337
413b9f05-c6c9-446b-b5eb-b335db3b56ae,1,7497
ea853bcb-5133-40e4-9269-735d810c84b2,1,16935
a7e2e550-5eef-4a5d-9327-ecedcbdffbbe,1,15200
67fb24d5-3a19-4848-b58c-e371faf3706e,1,2372
7b146021-19b2-4956-97e9-fd6177845678,1,3
9ba16814-0229-4025-927c-795cd4d6dd07,1,16483
36f5b9d6-8dd4-4263-a86d-3196dee4a03e,1,11150
9e7fb208-0ecf-4c5c-869c-4298eb9f0a4c,1,4785
764fac78-49cd-4a5c-87e7-8bceeb8a828b,5,Q65932
322af6f9-3530-4903-81b3-39bc339e158f,5,Q36767
9d306803-2aca-406e-8504-818f381153a8,5,Q557272
a3591726-da0e-4ecd-927b-41d90a04c3a9,1,4521
38c20e8c-374c-4c0c-a5e0-725890cdb828,2,nm0001845
28188765-6046-4c73-9145-e4d860750b5b,1,8873
373eaca2-1eaa-449d-a24b-1f25af2a2263,1,21175
081629e8-d46f-4a52-b54e-75a4eb7d3b11,1,59951
5377da7d-d434-4dca-9206-406855c1d96c,2,nm0001599
bbad8dff-5362-43d2-9fa0-dd29dd9ad2fd,5,Q43044
ff02ad2e-a20b-444a-87be-3bf55bc7953d,1,5292
7c24d6f5-5c8a-473c-8945-2467d86e3abc,1,16660
9b1e6d17-1190-4933-bd76-bcdc14d46d9b,2,nm0000229
c31959cd-ddef-4820-a26f-05bd58dda950,1,45447
9c6c466d-e69a-47d1-b3d1-2d618d438b09,1,15152
96b6fde8-7cb4-4b10-a35d-8e5643da45f9,1,21177
94761b79-63b5-4ad6-a0b0-5f529c3c6981,2,nm0162717
94761b79-63b5-4ad6-a0b0-5f529c3c6981,1,589675
0b221e5e-8824-49f4-bf00-09cffd5f89c2,1,24501
2834a265-c552-446c-ba27-e46186076cb6,1,6553
2834a265-c552-446c-ba27-e46186076cb6,5,Q106383
a29d67e0-fcf0-412d-bff2-5e95eb2704d1,5,Q193648
a29d67e0-fcf0-412d-bff2-5e95eb2704d1,1,893
3ce1e09e-6cb0-4e8e-a426-75ec15c7e690,1,11395
5b3b6c51-1ac3-4334-923b-8ddda2e3514a,2,nm0000979
5b3b6c51-1ac3-4334-923b-8ddda2e3514a,1,11065
6acdafbf-df9b-474e-90b7-c5138c80b843,1,776
40a8750c-691d-4cc0-a041-fad822a1a9ca,1,68330
39f9cb9a-dd57-4941-85b3-e7fbb5f4655c,1,64913
4c6389ca-0333-4abb-b648-c5509ed8a973,1,1958
eae4c21d-3ea5-4a8e-8765-dc9364ba26ba,1,14541
c212ad64-fb4f-4af4-bfb8-c2dc312fe480,1,15140
6cadc5b7-d439-4994-8927-39602a6e720b,1,2395
21c2b10a-358e-408b-abd2-5bf391b77927,1,1101
8ca8fd66-25e2-40d4-8167-42f8106e7fcd,1,5049
e00fb48f-4997-4f42-a2e7-62ae9db54a27,1,10980
cf13b736-49c6-40fd-8484-49732ddb9b09,1,1063
3b9eba88-84f3-40ff-a8d9-63a001ff8f04,1,10210
ee7f1acd-faa2-4066-8b4a-b4590fffcfd8,1,35210
c486a57a-ff55-43d0-ae12-b02696c50154,1,10213
2f9d0443-68a2-4662-b3a9-cd1ff4b36bc2,1,2053
436b9127-6cb4-4e89-ad98-82a98f7e847b,1,3392
29eb95b5-5be3-40db-82dd-bc9fb166d62e,1,13922
d9d7795b-159d-4114-bb00-3569fc40e413,1,7633
f89880cb-fc33-4dee-8de4-b4ed73317c1d,1,3999
49242460-8b4a-4e1c-b3a4-603c9bf705c7,1,6576
f78a0adc-7cc6-492b-8e88-b252b247374e,1,586
2a5194c2-d23f-40ed-9aa7-ea09e4814b7d,1,65827
f8ebdca1-5aa5-404d-90bf-099bb213965c,1,738
be35d246-44da-45f7-be0a-db86b1020482,1,10206
eca2280e-2f4f-496b-a90e-172f82805fc8,1,35137
82404f5e-59d1-45d6-a0e0-ea07695377bd,1,24929
8c19b5cd-5a11-47d8-80a8-bc067cbfc0c7,1,11084
6af9d0ff-5ef4-4144-9f9a-3c5630427d28,1,110
75de56e5-df17-4f03-940c-c32572990c37,1,10208
3fb2633e-4857-4d64-8876-763c5adb052c,1,1972
44300acc-7c79-4769-8529-0b6f4e83708c,1,20959
bd280de3-2180-45ac-9819-0b1a9dcb9ce7,1,21259
1e5f3072-3480-440f-9c41-0cfd1d0be07c,1,193
cc27938c-b0f3-4120-8b3c-0ed4b0328c1f,1,4483
bc666995-1136-4600-8c02-851ea0500d82,1,73421
78e1d841-c7d9-4d40-a807-aa8e8435a12f,1,38560
37f2a816-7dc8-48f7-ad5c-588847c07313,2,nm0743768
cc34b908-947c-499d-a95b-74a87436d2e0,1,578
6b15885c-3e38-47e7-af07-382943278fe8,1,7631
6c521eab-6201-4636-a702-ebaa9ce48f0b,1,12989
bf8be473-db59-4b98-82c4-929799b69af1,1,11184
72925ff0-346f-4f14-bb98-28ca29645685,1,6159
2c685f65-5ee4-4897-9c90-1a430e0452c9,1,9994
03bfee64-d1f4-4df9-92af-cefb41238336,1,49944
4f1e41f1-080a-40c6-8e4c-653d0437a52b,1,3896
0a943e06-2e38-464b-940b-0fc493200fd5,1,2714
da7d29ec-0a91-4a32-9711-f5ee0b93b3d8,1,8977
9f72b128-e7cb-4ee1-9f4f-801e655b430a,1,8872
0644f877-b577-44e4-af03-49d0f199a332,1,5231
706ae11c-1c62-4e6b-a864-b1cfb69822a8,1,28781
da7cc277-9b80-4096-96a0-931050a7fe01,1,228
8c3aaa6a-5294-4bc8-9d7b-d5389aaa13b3,1,593
82d638a4-8899-4917-ab72-07e0ff751538,1,16644
906e255b-6e5e-46d2-972e-766035e1d369,1,29490
5170e231-b8d5-4e45-8205-d38527bccc0b,1,10209
731f8970-90cc-4173-ab8c-6a0d91453014,1,9811
148b791c-5cb3-4592-9af4-a0f6e85babeb,1,1951
314d4062-e9f6-428f-8ac6-51f9f62c4527,1,1524
52c92562-c0e4-45b2-a980-c3c81a3cef1c,1,1269
f12a25e5-b6b1-48a0-9dd9-11510aa744ee,1,1038
e6274aaa-31e5-40e4-8b83-1c4507de472b,1,11514
b4e88855-0164-453b-bcf0-45a7f677c8dd,1,3391
e44e8d89-5845-4048-acfd-cee0d7f054a1,1,2712
6c59baba-028d-4523-a2a3-e279b5087aa3,1,24381
f3c5dd03-43b7-4fd1-b88f-0a844a96a2be,1,57147
972ce6ac-0335-415d-9e95-46a64b187348,1,16431
10abd4fe-3501-4e66-9404-642affce8f8e,1,51576
8c077f12-c8cc-4902-9797-17e29fb22bd8,1,11464
b7770571-dac0-4ce4-a95a-25c37342d642,1,55271
81d26ad3-8bb8-4d9f-807b-fa3f65da3b0e,1,15112
e5923603-f06d-4166-8bc1-3ce7539c71fe,1,11187
2304edf2-cabe-4ffd-85a6-4d4edcd80530,1,7676
0a4fd387-98e1-464f-858e-1b7815dcfd08,1,10182
450c6276-60bc-4791-bee4-3152145af6e7,1,1100
86e66f4c-0b10-46ad-b242-8bdf2d704b46,1,10086
e51dafbc-1271-44ff-884f-700cbcbc3f2b,1,6856
65e94a1b-715d-4c52-be15-7bbab229dbc4,1,13021
57aa6745-b209-4c82-b360-ee72aea696b5,1,27811
83b0d6b4-ab1b-40f1-ac87-603636b15654,1,9777
83a7b2a9-e15f-4832-9c50-1f8f98076323,1,287
965f4fa6-f58a-4f0e-adaf-03a73b98197d,1,39889
28938581-a315-4bbf-901c-568ce241b5f0,1,18669
f9485d4b-a9f4-44db-a5ee-4f5ccdbda1a5,2,nm0001834
a7e2e550-5eef-4a5d-9327-ecedcbdffbbe,2,nm0000945
9ba16814-0229-4025-927c-795cd4d6dd07,5,Q40026
36f5b9d6-8dd4-4263-a86d-3196dee4a03e,5,Q229325
ff02ad2e-a20b-444a-87be-3bf55bc7953d,2,nm0000243
9541d6e9-f51a-4a09-bf1a-9dfa415d89f3,2,nm0183258
9f69c024-b15c-4bf2-8f53-d968337306ea,5,Q102124
28938581-a315-4bbf-901c-568ce241b5f0,5,Q456979
04965c78-ff52-46e9-9007-c0d1c92d4d5c,5,Q551355
234752f7-3d11-4552-a4b8-b4e1dcd63a1d,1,21625
2834a265-c552-446c-ba27-e46186076cb6,2,nm0000254
23363946-7dde-472e-a31e-408f15845aae,2,nm0000194
3dc69d31-75bf-4349-8051-8476df7658ea,1,1533
9cedaa88-2e8f-42b3-8f46-bb4baab9e926,1,1973
5b3b6c51-1ac3-4334-923b-8ddda2e3514a,5,Q712180
32e8e803-a3d0-41ca-a66e-a4a009fca499,1,11805
3dede616-b6db-4963-80d7-7d0bff8bafd2,5,Q464534
e5bae18d-449e-4101-acca-56bc65c4a3d9,2,nm0000387
6acdafbf-df9b-474e-90b7-c5138c80b843,2,nm0000552
105bb977-3948-4f66-bb2c-ed37c1803766,5,Q188018
8f6e238e-6e41-4c6b-94a4-5ca5a6f39e50,1,113
7c4af3f3-11e4-4b7c-be85-e6b228ffe437,2,nm0000190
f62b18ff-1127-456e-b33a-228c4cbd0c27,1,74383
608481e7-befa-4b88-b701-d9fa9830a329,5,Q235100
6ea399a3-4dc1-4a1f-8d92-cf979d78f196,1,18352
39f9cb9a-dd57-4941-85b3-e7fbb5f4655c,2,nm0154707
849b0e53-e78b-48fd-8ace-f1f26a183182,1,74382
7679b6c7-9447-47de-a312-c7d3f06e5046,1,20904
b2e7842d-cc7a-47d7-8a99-625359b685a7,1,4430
ea4dc8b8-ca26-4ca9-8d88-4745933a6272,1,418
626a46e1-9321-403d-934e-912e72aeddbe,1,591
c9e467af-d71a-4dd7-9863-8860e6bb3748,1,16970
fc59fc53-f690-4b6e-a3af-f57a20063260,2,nm0322625
1c6243df-f751-4354-bf74-ad3b2c05b3d5,1,4566
0f9fb46b-fed1-45a4-9d44-e3b1e30b5623,5,Q168721
c868fa91-5534-4573-9532-bab6d0359d9d,2,nm0001663
fd6f055c-6de9-4044-b6eb-3bad3fba5968,1,62019
21c2b10a-358e-408b-abd2-5bf391b77927,2,nm0001835
21c2b10a-358e-408b-abd2-5bf391b77927,5,Q320218
603e216b-76d1-4fe1-b9b8-50cd054776f1,1,2877
9cc1f810-6a4a-4567-854e-75456a5362a0,1,13565
d42316a0-cb88-4fcd-863c-f2c2127f04d6,5,Q104061
a2f5a1e7-fe56-4339-8f6f-96399bfe3a81,2,nm0565982
6e506598-5262-4a5b-b505-48d9ca84c238,1,190
6e506598-5262-4a5b-b505-48d9ca84c238,2,nm0000142
e00fb48f-4997-4f42-a2e7-62ae9db54a27,2,nm0705356
f83b5489-8fe1-4a0d-854c-176d18455020,1,5064
b15bb7c5-f6d0-48eb-9a1e-703530203340,1,8874
dee592c1-a8fd-4dab-bc77-7991e42591a6,1,10431
aa1551f5-dc8f-459c-8789-e030badce2c7,1,6355
f8ebdca1-5aa5-404d-90bf-099bb213965c,5,Q4573
26be14f6-e7e5-46a7-bf38-d8614dbdd67b,1,9780
42730da3-7ba6-429b-ade8-f9d0287931d8,1,23880
adb60929-26d0-4453-af01-2ab53dfd62cf,1,18324
2854d6bf-c7b7-43ec-990c-a8a8c5fa10a9,1,16757
cd48fccf-299f-49b5-9064-abd78f938df7,1,8875
c98c8ab6-8fb4-40e7-ab5c-5a8675f75846,2,nm0000695
6c419645-064b-4ca5-aef0-9210c5831488,5,Q55294
25ea1493-8d4e-485c-897b-4c1ca8e42f6f,2,nm0000401
bd280de3-2180-45ac-9819-0b1a9dcb9ce7,5,Q551305
78e1d841-c7d9-4d40-a807-aa8e8435a12f,5,Q319725
35de4d08-ae23-42a5-a792-4851f948d0fd,5,Q676094
b5941bcc-474f-4a2d-a06f-ecec245ae802,1,12851
d1d7a1a5-bb64-45e2-9595-5c7c8a31df73,1,58728
6c4c5d89-aa5b-4f8b-a107-280fc99d3c9a,1,2882
8b8a29ff-ad0a-420d-a140-98f89451a24f,2,nm0291979
4f1e41f1-080a-40c6-8e4c-653d0437a52b,5,Q58444
2755c6f7-551a-4c38-82e4-ea589d347e1b,5,Q270639
bd7e7669-0007-4cb5-9218-b72163039cf5,1,4038
1f91c00f-066d-470d-a2c7-fc5d8586b728,1,4517
1a0004f1-0327-4c7a-9b3d-a574ffc0998b,1,1241
b59fe97a-50de-4df9-a650-6c25e6dbe179,1,60950
dadc6be7-5e52-4b08-ade2-503c4beea5ca,5,Q37459
2860ab6b-e98d-4c47-80be-bc2a536ff671,1,589
da7d29ec-0a91-4a32-9711-f5ee0b93b3d8,5,Q329807
204b4cb8-0736-4414-8cc2-d00c225a6850,1,1328
5cde90d1-5a69-4f37-a046-6f9c929da7d2,1,590
4609a4af-ff7d-4559-9e7c-5a166c74fab0,1,6065
5b0fe5e7-f6b2-441d-98ff-cbe8676d4bec,1,935391
38047272-b01a-43fb-bd65-171da7491859,5,Q39792
26d5a442-e06c-426f-bbdf-45687da520fa,5,Q172678
95da3c96-b306-4694-aa63-678d865edbf5,1,3131
89797198-6014-4d49-97e5-3392bbcfcf67,1,24
55cd93bf-5951-4afa-a73c-606f03bef2db,1,13023
a708156d-9ba1-49de-88f4-bb70d72acccb,1,2295
28794c25-dafb-4f23-96a2-a1987a682385,1,16619
55a018ac-eea4-42f9-92b2-671d376bea5d,1,28768
93973b9f-5867-440c-b87b-03252f1f8c68,1,380
59200eec-107f-44b2-afc7-992ab94073ec,1,12900
11e3ee0d-fd4b-4442-9166-0ec442cf77da,1,1169879
8337175e-8fb7-4122-8be3-b20c68e778cb,1,6161
f2200d2d-ea3b-426c-bc26-6f22317df9e5,1,2878
55dfbb9a-bef3-410e-b7a2-6c78b1f5200a,1,8558
41309ffa-a981-4597-8690-96921da96e5b,1,46948
8783a35c-79df-4149-a4fa-9f6177429a18,1,650
0aad4cbf-f619-4c1f-8bc4-b64de594ffa6,1,3130
7f61045e-1fdf-493f-bb9a-ddde285488e8,1,31921
0e0d6db8-0e7f-403e-a3ba-b07acf25c55c,1,38689
26b8f537-0d34-4654-884d-45991b25f862,1,2710
594436cf-1f7a-4a96-8f41-53792e1d10df,1,7904
997cba12-b9a5-4cf7-8de8-b05326e8e25e,1,8399
cb8c4859-720b-4ef4-b1fa-278200594540,1,1204668
05a69667-f2e5-43ff-ae07-6d236d3598b4,1,1229
4c67645a-e060-42db-a1b0-b4a68e6c31ff,1,588
38d69333-f86e-4e30-b3f8-04e349ade801,1,2087
40dad717-5fd0-427e-99dc-e07deeeb5be2,1,2876
a8dd215c-c756-4adb-81eb-f751680a3b08,1,1160
30e140ad-88c1-47d0-84e2-3a70d8398692,1,38559
4ca6416d-39f3-46a2-923d-324edca6826a,1,1205
68f6758f-8b82-42fa-8fdb-9f2d6091ce1f,1,6352
38e1ba01-163a-4262-9ce3-a8b95ea6e687,1,16544
03a05d00-9497-4207-adf4-f091f9c4e275,1,2453
d0904f9c-d7ec-4312-afed-08d4bf01cd77,1,15735
d4809c32-d0ad-4b58-80d7-e6ca92be8e76,1,4724
b074c409-57b3-45fd-b6da-49f3d00b2ac7,1,12132
88826d9b-81ec-4e7c-8783-aa52f9a8b6fc,1,723
456d7ebf-04ae-4450-b469-96bfdfd977cc,5,Q43416
413b9f05-c6c9-446b-b5eb-b335db3b56ae,5,Q1368141
608481e7-befa-4b88-b701-d9fa9830a329,1,57166
0530881e-bdb6-4514-8f34-d31eaab93f3c,5,Q40162
5377da7d-d434-4dca-9206-406855c1d96c,5,Q361400
04965c78-ff52-46e9-9007-c0d1c92d4d5c,1,80253
23363946-7dde-472e-a31e-408f15845aae,5,Q80405
3dc69d31-75bf-4349-8051-8476df7658ea,5,Q208558
dd5ce36f-edf2-4bcf-900c-81232a2d6683,1,39145
3dede616-b6db-4963-80d7-7d0bff8bafd2,2,nm0152959
7c4af3f3-11e4-4b7c-be85-e6b228ffe437,5,Q188955
446c9413-f1e9-46fe-877e-dabbcbedb5b8,2,nm0000347
40a8750c-691d-4cc0-a041-fad822a1a9ca,2,nm0217260
23cd4edb-007f-4dd6-ba4f-9c876d5c424e,2,nm0001277
849b0e53-e78b-48fd-8ace-f1f26a183182,2,nm2968765
c2ead2b6-4e89-422f-9cea-54d4af804efd,5,Q508778
4c6389ca-0333-4abb-b648-c5509ed8a973,2,nm0105475
dfe9a85f-c3da-4c05-ad6e-1e7d9068e560,5,Q42869
055abf0e-d282-4be6-8bef-9a51b9b9e7f3,1,36316
89029157-70cf-4df8-a0e6-66ba2650c1b6,5,Q276005
eae4c21d-3ea5-4a8e-8765-dc9364ba26ba,5,Q363684
b2e7842d-cc7a-47d7-8a99-625359b685a7,5,Q62975
8700167e-a76b-47e4-aa2d-0d67ac1d52b0,1,10742
07c25eda-0fe2-4b95-a410-7df73b7adfbd,2,nm0000158
6873e324-1eec-4ae4-b14d-9e5ccb2baab1,2,nm0000732
1c6243df-f751-4354-bf74-ad3b2c05b3d5,5,Q106481
0f9fb46b-fed1-45a4-9d44-e3b1e30b5623,2,nm0001159
3e8ca075-ceb7-4ead-826a-6709a8271ad5,2,nm0001449
c212ad64-fb4f-4af4-bfb8-c2dc312fe480,5,Q243430
6cadc5b7-d439-4994-8927-39602a6e720b,5,Q49001
9cc1f810-6a4a-4567-854e-75456a5362a0,2,nm0000537
b5b8a16a-0f4e-46d8-b282-cb6e9c1e6e1a,5,Q40504
6e506598-5262-4a5b-b505-48d9ca84c238,5,Q43203
e00fb48f-4997-4f42-a2e7-62ae9db54a27,5,Q38119
cf13b736-49c6-40fd-8484-49732ddb9b09,5,Q230605
97c13ae1-ffa5-4bbd-9c5a-53bed33ac452,5,Q2190
ee7f1acd-faa2-4066-8b4a-b4590fffcfd8,5,Q3440076
680e5ece-c23d-4518-9bfc-44bb497883bb,1,11086
2f9d0443-68a2-4662-b3a9-cd1ff4b36bc2,2,nm0000200
eb641584-5d77-4e9d-a609-1283a8315c8f,2,nm0000245
d9d7795b-159d-4114-bb00-3569fc40e413,2,nm0000558
1879fdcb-078f-4bc3-adba-0fc4e0f16db6,2,nm0001735
d9b975ba-5d65-4647-a184-f3acd9714a1a,2,nm0132064
86d6a3a7-0430-4792-a7d0-330ff726eab9,2,nm0001127
86d6a3a7-0430-4792-a7d0-330ff726eab9,5,Q228925
9755061a-f028-4311-bfd8-8776b20c5529,5,Q134333
063641d7-1d47-4349-9b6f-2309b32416fc,1,228209
96e5581b-204b-4a16-9127-213adebfcc01,1,584
56cb06f7-5d07-4022-a787-86b747df618b,2,nm0575184
ceaaf88e-4230-4e25-8c5a-a9ba9044d584,1,920
dee592c1-a8fd-4dab-bc77-7991e42591a6,2,nm0000492
dbb64dbe-23db-433e-af34-1962bcc0068c,5,Q106997
dbb64dbe-23db-433e-af34-1962bcc0068c,2,nm0000130
622fcab8-4c5f-496e-abb8-4e76b8670e5a,2,nm0001321
622fcab8-4c5f-496e-abb8-4e76b8670e5a,5,Q106775
6fe94357-6e04-4f94-a6a9-1cabc2cc1ee6,1,783
aa1551f5-dc8f-459c-8789-e030badce2c7,5,Q216569
f8ebdca1-5aa5-404d-90bf-099bb213965c,2,nm0000125
9eac8bad-c998-4e3f-9821-f2ce6c1a7053,1,34612
be35d246-44da-45f7-be0a-db86b1020482,5,Q468313
eca2280e-2f4f-496b-a90e-172f82805fc8,2,nm0001929
82d8f85c-b980-4e36-ac48-22712fa7427c,1,85
82d8f85c-b980-4e36-ac48-22712fa7427c,2,nm0000136
8c19b5cd-5a11-47d8-80a8-bc067cbfc0c7,2,nm0000534
f8869b1b-e42c-439c-abee-2191c8ae185a,1,147
8da8b7cc-57e6-4fcc-be0b-19b364e0b72b,1,3085
e82dea08-7c73-4955-8937-a3fa39f2081a,2,nm0000353
29e13a88-bcb3-41de-b852-10ca8394cf2c,5,Q179414
c4b4ee4a-d3bf-4954-b6d6-f57dc71ee41d,5,Q639888
1df6da8b-2206-491f-97f1-76c793a42d37,1,4783
c9239136-f8e1-4d4d-8dd9-59970bb6c23a,1,16590
eaf2f2df-36f0-4d6a-ae64-846918cc24e9,5,Q106508
78e1d841-c7d9-4d40-a807-aa8e8435a12f,2,nm0001617
e958e229-9a7d-449f-b7eb-0abbdbe58f95,5,Q380272
0c9f0d8f-e2e9-4827-a80f-111bedbbfddc,2,nm0001429
0c9f0d8f-e2e9-4827-a80f-111bedbbfddc,5,Q26372
6c521eab-6201-4636-a702-ebaa9ce48f0b,2,nm0001112
adfaeeca-57af-4399-9d7a-b277a0b7dc94,2,nm0000982
ca695ce5-064d-4ba6-b19b-595d82ce3d13,5,Q12003
ddc1ba58-fb70-4e4c-b076-f251dc6418ee,5,Q296928
6d9b26e6-e668-441b-80bc-36f1b8cb0e2d,5,Q1346651
03bfee64-d1f4-4df9-92af-cefb41238336,5,Q234083
d1d7a1a5-bb64-45e2-9595-5c7c8a31df73,5,Q55208
6c4c5d89-aa5b-4f8b-a107-280fc99d3c9a,5,Q255070
24606353-046f-4249-b9ea-0017d917189b,5,Q105682
0a943e06-2e38-464b-940b-0fc493200fd5,5,Q312077
1f91c00f-066d-470d-a2c7-fc5d8586b728,5,Q20178
b59fe97a-50de-4df9-a650-6c25e6dbe179,5,Q298658
6514c6fb-b221-4485-b409-82cafa2c1706,5,Q722733
d5959d90-b110-4a94-a07b-f126a5c1a1c5,2,nm0126875
5cde90d1-5a69-4f37-a046-6f9c929da7d2,5,Q1372770
82d638a4-8899-4917-ab72-07e0ff751538,5,Q181678
4609a4af-ff7d-4559-9e7c-5a166c74fab0,5,Q200768
95da3c96-b306-4694-aa63-678d865edbf5,5,Q41548
89797198-6014-4d49-97e5-3392bbcfcf67,5,Q187364
55cd93bf-5951-4afa-a73c-606f03bef2db,2,nm0131974
8f2492f4-4ba1-4f53-939f-7f3afc8b325a,5,Q95030
148b791c-5cb3-4592-9af4-a0f6e85babeb,5,Q207852
ce1fb190-1e57-4099-9cc2-a6a761e2470b,1,8891
11e3ee0d-fd4b-4442-9166-0ec442cf77da,5,Q16989641
3a630a33-22dc-44f7-afa6-31fd439ef0bd,1,4587
ba8301bf-3264-48fe-8805-49f1f74445ed,5,Q23301
6c59baba-028d-4523-a2a3-e279b5087aa3,2,nm0946179
8783a35c-79df-4149-a4fa-9f6177429a18,5,Q229137
60c0053e-b018-470a-96d2-8213c0c9b080,1,2130
995e16bb-d288-4b24-a355-b88763dfa1e6,1,8252
0aad4cbf-f619-4c1f-8bc4-b64de594ffa6,5,Q181229
fe0284e3-f72f-4536-ba53-fc005fcf2233,1,11064
381be8f8-0124-4b24-8acc-df33cf8acc83,1,136761
6f27abcd-90a5-47e8-95e4-1226640b18bc,1,109
c4a869e0-c5e0-4234-827c-38ece6f6a8c5,1,3129
68f0d3b2-8748-4d91-92ef-a5fc02ffc53b,2,nm0908914
ca540938-7735-4119-be7d-dd6ea8a7eedb,5,Q230636
86e66f4c-0b10-46ad-b242-8bdf2d704b46,5,Q230965
3ef5cf63-9377-4474-ac8f-cfa6320c4523,1,1204
bb9266f0-d2a9-438e-986e-aec972789668,1,14888
52d13d93-646c-4fc7-a5c4-b140faa16068,1,4960
903f6f8b-4053-489c-bd22-87c08994f7ed,1,229722
bb95d424-4c91-45ae-93ed-d075b4acb749,1,10343
83b0d6b4-ab1b-40f1-ac87-603636b15654,2,nm0000421
a3591726-da0e-4ecd-927b-41d90a04c3a9,5,Q329700
38c20e8c-374c-4c0c-a5e0-725890cdb828,5,Q182763
d9d7795b-159d-4114-bb00-3569fc40e413,5,Q82786
e713859f-af45-4aa5-941f-2cd359491f1c,1,224
4b9922fe-ae5d-463d-8685-0cf873a41563,2,nm0503800
2fde32d6-3e8b-48ac-96ba-80056449cbbe,5,Q295847
180b3083-5cd0-40f6-9817-7d948fd63436,1,27319
38c20e8c-374c-4c0c-a5e0-725890cdb828,1,2178
28188765-6046-4c73-9145-e4d860750b5b,5,Q253536
bbad8dff-5362-43d2-9fa0-dd29dd9ad2fd,2,nm0000193
9c6c466d-e69a-47d1-b3d1-2d618d438b09,5,Q203960
dd5ce36f-edf2-4bcf-900c-81232a2d6683,2,nm0750114
9cedaa88-2e8f-42b3-8f46-bb4baab9e926,2,nm0320808
105bb977-3948-4f66-bb2c-ed37c1803766,1,1733
6ea399a3-4dc1-4a1f-8d92-cf979d78f196,2,nm0001131
dfe9a85f-c3da-4c05-ad6e-1e7d9068e560,1,2963
2b591cc4-2ca5-473c-95a6-27f93ca0a5f7,5,Q2391128
626a46e1-9321-403d-934e-912e72aeddbe,2,nm0001397
6873e324-1eec-4ae4-b14d-9e5ccb2baab1,5,Q299314
1c6243df-f751-4354-bf74-ad3b2c05b3d5,2,nm0000614
c212ad64-fb4f-4af4-bfb8-c2dc312fe480,2,nm0001352
0530881e-bdb6-4514-8f34-d31eaab93f3c,1,689
d42316a0-cb88-4fcd-863c-f2c2127f04d6,1,884
a2f5a1e7-fe56-4339-8f6f-96399bfe3a81,1,50967
c86f40e0-a9ea-436f-8834-f07b87b145d1,1,25181
9a9b19f0-0160-4fa6-aac5-a510583205ae,5,Q39476
8ca8fd66-25e2-40d4-8167-42f8106e7fcd,5,Q200405
3b9eba88-84f3-40ff-a8d9-63a001ff8f04,2,nm0440511
1f5030f4-c846-4ad7-bd38-0168127b9856,5,Q34436
a85c1163-0de7-49b9-8e0b-b7ad1c81c032,2,nm0524528
436b9127-6cb4-4e89-ad98-82a98f7e847b,2,nm0000140
1879fdcb-078f-4bc3-adba-0fc4e0f16db6,5,Q108622
f89880cb-fc33-4dee-8de4-b4ed73317c1d,2,nm0001371
063641d7-1d47-4349-9b6f-2309b32416fc,2,nm0303900
96e5581b-204b-4a16-9127-213adebfcc01,2,nm0001140
49242460-8b4a-4e1c-b3a4-603c9bf705c7,2,nm0001679
f78a0adc-7cc6-492b-8e88-b252b247374e,2,nm0000707
dee592c1-a8fd-4dab-bc77-7991e42591a6,5,Q232902
6fe94357-6e04-4f94-a6a9-1cabc2cc1ee6,2,nm0052186
aa1551f5-dc8f-459c-8789-e030badce2c7,2,nm0001702
2a5194c2-d23f-40ed-9aa7-ea09e4814b7d,5,Q370918
9eac8bad-c998-4e3f-9821-f2ce6c1a7053,2,nm0001043
26be14f6-e7e5-46a7-bf38-d8614dbdd67b,5,Q232120
41bde72f-188a-4ccc-a63c-84d188cba9de,5,Q235205
13c26591-04f4-4835-a594-d1ce55e80a50,2,nm0893341
62624cc6-60ba-40c4-8ccd-ccb69a8b9223,1,3968
82d8f85c-b980-4e36-ac48-22712fa7427c,5,Q37175
42730da3-7ba6-429b-ade8-f9d0287931d8,5,Q82110
8c19b5cd-5a11-47d8-80a8-bc067cbfc0c7,5,Q229147
d3f92aa7-41ce-413c-87f0-b8d73e983c7e,2,nm0000602
e82dea08-7c73-4955-8937-a3fa39f2081a,5,Q188772
85e7a0c6-4d33-4e8d-9669-393055db48d4,2,nm0432040
c4b4ee4a-d3bf-4954-b6d6-f57dc71ee41d,2,nm0138405
75de56e5-df17-4f03-940c-c32572990c37,5,Q964998
3fb2633e-4857-4d64-8876-763c5adb052c,5,Q440234
1df6da8b-2206-491f-97f1-76c793a42d37,5,Q214309
6c419645-064b-4ca5-aef0-9210c5831488,1,11181
0c9f0d8f-e2e9-4827-a80f-111bedbbfddc,1,3317
6c521eab-6201-4636-a702-ebaa9ce48f0b,5,Q504461
6d9b26e6-e668-441b-80bc-36f1b8cb0e2d,1,27991
03bfee64-d1f4-4df9-92af-cefb41238336,2,nm0001649
24606353-046f-4249-b9ea-0017d917189b,1,10993
2755c6f7-551a-4c38-82e4-ea589d347e1b,2,nm0001532
bd7e7669-0007-4cb5-9218-b72163039cf5,2,nm0000215
b59fe97a-50de-4df9-a650-6c25e6dbe179,2,nm0005450
6514c6fb-b221-4485-b409-82cafa2c1706,2,nm0092184
765d7669-6324-4204-b8c6-f4da50fefd51,1,25958
da7d29ec-0a91-4a32-9711-f5ee0b93b3d8,2,nm0005266
9f72b128-e7cb-4ee1-9f4f-801e655b430a,5,Q336282
e98c10cb-0be2-48d9-a5b6-1b8d4387a24a,5,Q5383
204b4cb8-0736-4414-8cc2-d00c225a6850,5,Q189351
fa0078ef-fe0c-46ea-ad84-d5b527494f74,5,Q101797
6601846e-00a1-4d2c-ba44-67895feef8cd,5,Q109324
26d5a442-e06c-426f-bbdf-45687da520fa,2,nm0000168
727fcc04-a57b-4779-b90d-8810ea9ed312,5,Q189400
55cd93bf-5951-4afa-a73c-606f03bef2db,5,Q176945
314d4062-e9f6-428f-8ac6-51f9f62c4527,5,Q286890
b7e61cac-2c3f-4736-a3cc-46edc229e431,2,nm0000154
f12a25e5-b6b1-48a0-9dd9-11510aa744ee,5,Q41351
cf966b6d-9211-4f16-a3a4-f26ef14fb1a1,2,nm0000708
ce1fb190-1e57-4099-9cc2-a6a761e2470b,2,nm0000237
ce1fb190-1e57-4099-9cc2-a6a761e2470b,5,Q80938
b4e88855-0164-453b-bcf0-45a7f677c8dd,5,Q222008
11e3ee0d-fd4b-4442-9166-0ec442cf77da,2,nm0658674
4d85f2f4-ee7d-41a2-aadc-0f3d17f6c71f,2,nm0000473
e44e8d89-5845-4048-acfd-cee0d7f054a1,2,nm0000299
f2200d2d-ea3b-426c-bc26-6f22317df9e5,2,nm0001367
ba8301bf-3264-48fe-8805-49f1f74445ed,1,4818
3c78fac1-4f31-4962-ab0f-248434e5ada5,5,Q41163
c9f5529f-40f4-4de9-87db-d4116a69cc1a,2,nm0898317
7f61045e-1fdf-493f-bb9a-ddde285488e8,5,Q447703
fe0284e3-f72f-4536-ba53-fc005fcf2233,5,Q310318
972ce6ac-0335-415d-9e95-46a64b187348,5,Q311314
26b8f537-0d34-4654-884d-45991b25f862,2,nm0000116
d4d48009-4e74-4323-808b-85fef8719cde,2,nm0699545
381be8f8-0124-4b24-8acc-df33cf8acc83,5,Q106573
03eaa5ea-ad8e-4342-b2f5-8d26ec0bbe46,2,nm0957263
38d69333-f86e-4e30-b3f8-04e349ade801,2,nm0281507
069a06e9-0114-4b4a-a1bd-b376f094d0a0,1,20080
81d26ad3-8bb8-4d9f-807b-fa3f65da3b0e,2,nm0000633
e5923603-f06d-4166-8bc1-3ce7539c71fe,5,Q2737
c4a869e0-c5e0-4234-827c-38ece6f6a8c5,2,nm0000619
705e5be2-7781-4305-ae6e-d088a2cbcd0b,2,nm0000111
aff08ad0-c3da-4721-9ad4-c6df6bbe7ff2,5,Q192165
30e140ad-88c1-47d0-84e2-3a70d8398692,5,Q105158
68f0d3b2-8748-4d91-92ef-a5fc02ffc53b,5,Q258064
38e1ba01-163a-4262-9ce3-a8b95ea6e687,5,Q725520
8add261c-9aff-44f2-9aa1-63a3f33eac8d,2,nm0000426
03a05d00-9497-4207-adf4-f091f9c4e275,2,nm0005460
8e22d79f-2a84-4f35-9b6a-d034e0d87bff,2,nm0000317
60369b57-d42e-4cf5-8c02-8e6f28d825a7,2,nm0000241
bb9266f0-d2a9-438e-986e-aec972789668,2,nm0569226
e51dafbc-1271-44ff-884f-700cbcbc3f2b,2,nm0000621
52d13d93-646c-4fc7-a5c4-b140faa16068,5,Q36105
127683d0-dd0e-49dd-a787-2a576ba1655d,5,Q103578
bb95d424-4c91-45ae-93ed-d075b4acb749,2,nm0898199
f848a700-2c50-43bb-94df-045b676cdb77,5,Q204590
ed0aea9c-e41b-4615-8eeb-e3e45e39273e,2,nm0003423
13c26591-04f4-4835-a594-d1ce55e80a50,5,Q337260
ec70b59b-2b49-4122-97a7-e1598b95500f,1,16171
965f4fa6-f58a-4f0e-adaf-03a73b98197d,2,nm0537571
9fc99ded-5af9-49a2-92ed-a027d1adea19,5,Q514736
e0b3e578-bebd-421a-a7bd-d70a4086f172,1,2369
ed0aea9c-e41b-4615-8eeb-e3e45e39273e,5,Q933856
4f3f6745-8f2a-4bd2-86bc-60ecd41ed6a5,2,nm0000151
4b9922fe-ae5d-463d-8685-0cf873a41563,1,20530
9e7fb208-0ecf-4c5c-869c-4298eb9f0a4c,5,Q106706
764fac78-49cd-4a5c-87e7-8bceeb8a828b,1,4173
180b3083-5cd0-40f6-9817-7d948fd63436,5,Q76819
e10fb817-1ef1-4fa2-9cae-f7ac0e1d0a78,1,132235
9f69c024-b15c-4bf2-8f53-d968337306ea,1,10205
9b1e6d17-1190-4933-bd76-bcdc14d46d9b,5,Q8877
033fc60a-b332-47ee-a444-02f43dcf200f,5,Q273597
3dede616-b6db-4963-80d7-7d0bff8bafd2,1,67455
e5bae18d-449e-4101-acca-56bc65c4a3d9,5,Q310389
39f9cb9a-dd57-4941-85b3-e7fbb5f4655c,5,Q459676
055abf0e-d282-4be6-8bef-9a51b9b9e7f3,2,nm0547440
89029157-70cf-4df8-a0e6-66ba2650c1b6,2,nm0001250
8ff9b1f5-edc9-47f3-aa3e-2e6f2470b4f5,5,Q162753
2b591cc4-2ca5-473c-95a6-27f93ca0a5f7,2,nm0751606
3dd71dbc-3fee-4e31-9d9e-411aa9ba5cb3,1,24500
626a46e1-9321-403d-934e-912e72aeddbe,5,Q723780
ba923f08-b5a2-4f3d-b5f2-84a00b4e415a,5,Q106482
9cc1f810-6a4a-4567-854e-75456a5362a0,5,Q159347
c86f40e0-a9ea-436f-8834-f07b87b145d1,2,nm0897811
f83b5489-8fe1-4a0d-854c-176d18455020,2,nm0000658
3b9eba88-84f3-40ff-a8d9-63a001ff8f04,5,Q727988
97c13ae1-ffa5-4bbd-9c5a-53bed33ac452,2,nm0173354
680e5ece-c23d-4518-9bfc-44bb497883bb,2,nm0000461
a85c1163-0de7-49b9-8e0b-b7ad1c81c032,1,28255
e39e29cc-a2fa-4b9f-a19b-d3aea2267834,1,11192
29eb95b5-5be3-40db-82dd-bc9fb166d62e,5,Q186757
21c64182-ad5d-4207-adf5-6df21d1b7bc4,5,Q2680
d9b975ba-5d65-4647-a184-f3acd9714a1a,5,Q822345
42a016e2-fb7b-4e70-818b-68d36908fabe,2,nm0025857
833289e2-f083-4dba-afc8-cfe4dc6451a3,1,517
ceaaf88e-4230-4e25-8c5a-a9ba9044d584,5,Q61356
eca2280e-2f4f-496b-a90e-172f82805fc8,5,Q437254
82404f5e-59d1-45d6-a0e0-ea07695377bd,2,nm0018528
41bde72f-188a-4ccc-a63c-84d188cba9de,2,nm0001512
62624cc6-60ba-40c4-8ccd-ccb69a8b9223,5,Q298276
46dde068-fddf-4019-b505-32027071fcd3,1,11216
ac415592-d457-4d69-a7c3-833cf0918211,1,2565
d3f92aa7-41ce-413c-87f0-b8d73e983c7e,5,Q59215
8da8b7cc-57e6-4fcc-be0b-19b364e0b72b,2,nm0001001
29e13a88-bcb3-41de-b852-10ca8394cf2c,1,3967
adb60929-26d0-4453-af01-2ab53dfd62cf,5,Q491775
6af9d0ff-5ef4-4144-9f9a-3c5630427d28,2,nm0001557
2854d6bf-c7b7-43ec-990c-a8a8c5fa10a9,2,nm0000047
75de56e5-df17-4f03-940c-c32572990c37,2,nm0559922
02a87b57-b8e5-4730-aef2-e31ded2de0ac,2,nm0625379
eaf2f2df-36f0-4d6a-ae64-846918cc24e9,2,nm0000367
c98c8ab6-8fb4-40e7-ab5c-5a8675f75846,1,12656
44300acc-7c79-4769-8529-0b6f4e83708c,5,Q329719
25ea1493-8d4e-485c-897b-4c1ca8e42f6f,5,Q193048
cc27938c-b0f3-4120-8b3c-0ed4b0328c1f,5,Q42930
201070c7-78f4-4f32-b036-5d01bf421c8e,1,94185
72925ff0-346f-4f14-bb98-28ca29645685,2,nm0000165
6d9b26e6-e668-441b-80bc-36f1b8cb0e2d,2,nm0002340
b5941bcc-474f-4a2d-a06f-ecec245ae802,5,Q253513
1a0004f1-0327-4c7a-9b3d-a574ffc0998b,5,Q244234
dadc6be7-5e52-4b08-ade2-503c4beea5ca,2,nm0000173
4609a4af-ff7d-4559-9e7c-5a166c74fab0,2,nm0000598
906e255b-6e5e-46d2-972e-766035e1d369,5,Q228699
f1cb9ad0-ab39-4516-96e5-87b4ef3fa0b1,5,Q445017
8f2492f4-4ba1-4f53-939f-7f3afc8b325a,2,nm0000886
a708156d-9ba1-49de-88f4-bb70d72acccb,2,nm0000620
59200eec-107f-44b2-afc7-992ab94073ec,5,Q311068
b4e88855-0164-453b-bcf0-45a7f677c8dd,2,nm0000678
641bad3a-4947-4fb9-b3b8-771ecd760437,5,Q211144
55dfbb9a-bef3-410e-b7a2-6c78b1f5200a,2,nm0023469
995e16bb-d288-4b24-a355-b88763dfa1e6,5,Q95002
c9f5529f-40f4-4de9-87db-d4116a69cc1a,5,Q267244
0aad4cbf-f619-4c1f-8bc4-b64de594ffa6,2,nm0000884
a6f4636d-e85f-4a34-8e79-91b0028b8ebb,2,nm0394054
7f61045e-1fdf-493f-bb9a-ddde285488e8,2,nm0001830
972ce6ac-0335-415d-9e95-46a64b187348,2,nm0000385
10abd4fe-3501-4e66-9404-642affce8f8e,2,nm0001569
997cba12-b9a5-4cf7-8de8-b05326e8e25e,5,Q452650
cb8c4859-720b-4ef4-b1fa-278200594540,2,nm0616041
c872e22c-096a-4b71-886e-491e7733d3df,2,nm0181902
5247aa20-d4d7-412e-baac-81044619f7ef,2,nm0000079
46c31ee2-f27f-4049-95d4-e3bf625ec924,2,nm0000557
6f27abcd-90a5-47e8-95e4-1226640b18bc,5,Q483771
1daf693b-6969-4269-a9e7-16b8f4933ffe,5,Q449240
40dad717-5fd0-427e-99dc-e07deeeb5be2,2,nm0000369
069a06e9-0114-4b4a-a1bd-b376f094d0a0,5,Q451776
81d26ad3-8bb8-4d9f-807b-fa3f65da3b0e,5,Q213706
e5923603-f06d-4166-8bc1-3ce7539c71fe,2,nm0000086
705e5be2-7781-4305-ae6e-d088a2cbcd0b,1,4756
4ca6416d-39f3-46a2-923d-324edca6826a,2,nm0000152
ff3f42a0-e994-4627-a84b-b08c5ad4e9ec,1,11217
450c6276-60bc-4791-bee4-3152145af6e7,5,Q2685
9f5a44dc-9ecf-451e-9fef-a4dcc3cf294a,2,nm0001201
8dec5ff2-a3f1-4f43-b727-c954e0131efd,2,nm0817881
68f6758f-8b82-42fa-8fdb-9f2d6091ce1f,2,nm0000404
86e66f4c-0b10-46ad-b242-8bdf2d704b46,2,nm0001576
38e1ba01-163a-4262-9ce3-a8b95ea6e687,2,nm0467646
7e94a84f-45f0-480f-a6af-3ab422711f6e,1,5823
8add261c-9aff-44f2-9aa1-63a3f33eac8d,5,Q232927
8e22d79f-2a84-4f35-9b6a-d034e0d87bff,5,Q4488
cb5f4784-974f-47ab-b250-dbe7a58f1f6a,1,39142
60369b57-d42e-4cf5-8c02-8e6f28d825a7,5,Q308840
bb9266f0-d2a9-438e-986e-aec972789668,5,Q447960
6fdf82d1-1804-4d05-88a7-be92124d54ae,2,nm0483776
127683d0-dd0e-49dd-a787-2a576ba1655d,2,nm0000346
65e94a1b-715d-4c52-be15-7bbab229dbc4,5,Q313546
d4809c32-d0ad-4b58-80d7-e6ca92be8e76,5,Q3454165
903f6f8b-4053-489c-bd22-87c08994f7ed,2,nm0383865
57aa6745-b209-4c82-b360-ee72aea696b5,5,Q360477
b074c409-57b3-45fd-b6da-49f3d00b2ac7,5,Q525065
88826d9b-81ec-4e7c-8783-aa52f9a8b6fc,2,nm0000664
83b0d6b4-ab1b-40f1-ac87-603636b15654,5,Q136209
84d2a5dd-d1c8-447c-84af-90642e95eae9,2,nm0342488
9cabf13e-ce81-4ab8-8d9a-71779bbf7201,5,Q191084
8dec5ff2-a3f1-4f43-b727-c954e0131efd,5,Q221074
6fdf82d1-1804-4d05-88a7-be92124d54ae,5,Q1904385
ed0aea9c-e41b-4615-8eeb-e3e45e39273e,1,16589
bb85abd1-9c9b-4281-aff3-9cc5ca4a8578,5,Q83492
322af6f9-3530-4903-81b3-39bc339e158f,1,11288
88174344-3659-4da8-8a99-804e569c5d88,2,nm0782565
081629e8-d46f-4a52-b54e-75a4eb7d3b11,2,nm0331514
c2984bd4-a6c1-4b3b-b643-4dc82161b522,5,Q358089
ff02ad2e-a20b-444a-87be-3bf55bc7953d,5,Q42101
9541d6e9-f51a-4a09-bf1a-9dfa415d89f3,1,24040
04965c78-ff52-46e9-9007-c0d1c92d4d5c,2,nm0173735
68d24155-aa5e-4061-9dc1-55d802ee34cd,5,Q40791
033fc60a-b332-47ee-a444-02f43dcf200f,1,110503
3dc69d31-75bf-4349-8051-8476df7658ea,2,nm0000510
f62b18ff-1127-456e-b33a-228c4cbd0c27,5,Q445725
4233c003-5019-4f58-a2e3-796ffba6a1d8,5,Q298799
446c9413-f1e9-46fe-877e-dabbcbedb5b8,1,13472
c2ead2b6-4e89-422f-9cea-54d4af804efd,1,33322
4c6389ca-0333-4abb-b648-c5509ed8a973,5,Q106544
dfe9a85f-c3da-4c05-ad6e-1e7d9068e560,2,nm0000115
6ff408bb-d4a1-47a4-93af-2ae3e1ea9765,1,24379
eae4c21d-3ea5-4a8e-8765-dc9364ba26ba,2,nm0001697
8700167e-a76b-47e4-aa2d-0d67ac1d52b0,2,nm0000159
3e8ca075-ceb7-4ead-826a-6709a8271ad5,1,8924
3e8ca075-ceb7-4ead-826a-6709a8271ad5,5,Q310944
71120c4e-1d7d-4555-a8a9-088187ab65df,1,29369
ba923f08-b5a2-4f3d-b5f2-84a00b4e415a,1,24366
3ec35293-78a6-4315-a3ba-fb1a3081573a,1,3490
3ec35293-78a6-4315-a3ba-fb1a3081573a,5,Q104514
a2f5a1e7-fe56-4339-8f6f-96399bfe3a81,5,Q1251819
5112364b-de0a-4c45-a311-eb80b86e1d05,1,13687
cf13b736-49c6-40fd-8484-49732ddb9b09,2,nm0000670
680e5ece-c23d-4518-9bfc-44bb497883bb,5,Q344973
c486a57a-ff55-43d0-ae12-b02696c50154,2,nm0864150
695620ef-03a8-44d2-9fa2-966b9eeede41,1,16513
a85c1163-0de7-49b9-8e0b-b7ad1c81c032,5,Q620118
1879fdcb-078f-4bc3-adba-0fc4e0f16db6,1,3094
21c64182-ad5d-4207-adf5-6df21d1b7bc4,2,nm0000246
833289e2-f083-4dba-afc8-cfe4dc6451a3,5,Q81520
ceaaf88e-4230-4e25-8c5a-a9ba9044d584,2,nm0001638
c4d81e09-f457-4958-8794-3274d60b208a,1,3223
58bef111-8a6c-4b6f-a559-72ba1b01edea,1,228930
f10e3ab8-5e38-4f0d-a5f2-e796de50cb60,1,19270
be35d246-44da-45f7-be0a-db86b1020482,2,nm0001343
c76830fe-bba5-4b0e-9af9-75380851d622,1,12270
8da8b7cc-57e6-4fcc-be0b-19b364e0b72b,5,Q95043
4288bb07-e9b5-46b1-9c74-64d4ba0600a8,2,nm0000572
92ce244c-e881-4ad3-9217-74e768021651,1,4774
6af9d0ff-5ef4-4144-9f9a-3c5630427d28,5,Q171363
0888e319-d363-4077-8fb4-2baa06435c49,1,70068
004ff0ee-86ac-41c8-83ec-53f9bf63ad4c,5,Q529417
1df6da8b-2206-491f-97f1-76c793a42d37,2,nm0000554
c9239136-f8e1-4d4d-8dd9-59970bb6c23a,2,nm0504802
cd48fccf-299f-49b5-9064-abd78f938df7,5,Q353155
20df398d-a2c0-46f0-a425-9ea1f2a4e0a5,1,524
5e38f055-0073-450d-a2ad-14fcfd5bc19f,1,37457
5e38f055-0073-450d-a2ad-14fcfd5bc19f,2,nm0498876
cc27938c-b0f3-4120-8b3c-0ed4b0328c1f,2,nm0000163
2ef60e47-e58a-4815-bbb7-738e235b664a,5,Q310367
3ecd6c0c-1d34-440d-8f98-d9c04abb7a12,1,70067
cc34b908-947c-499d-a95b-74a87436d2e0,5,Q56005
201070c7-78f4-4f32-b036-5d01bf421c8e,5,Q231058
ca695ce5-064d-4ba6-b19b-595d82ce3d13,1,38225
bf8be473-db59-4b98-82c4-929799b69af1,5,Q108270
ddc1ba58-fb70-4e4c-b076-f251dc6418ee,1,13548
b5941bcc-474f-4a2d-a06f-ecec245ae802,2,nm0000639
6c4c5d89-aa5b-4f8b-a107-280fc99d3c9a,2,nm0000178
4f1e41f1-080a-40c6-8e4c-653d0437a52b,2,nm0000553
2755c6f7-551a-4c38-82e4-ea589d347e1b,1,1090
0a943e06-2e38-464b-940b-0fc493200fd5,2,nm0000448
d667d8f9-5e17-430b-bffd-5efb988b8d02,2,nm0359894
765d7669-6324-4204-b8c6-f4da50fefd51,2,nm0220997
61b699b3-9025-401c-ad22-3fcd59d09b1c,2,nm0207732
bb5617a7-6e73-4024-838e-2354bdfba063,5,Q958831
204b4cb8-0736-4414-8cc2-d00c225a6850,2,nm0000276
da7cc277-9b80-4096-96a0-931050a7fe01,2,nm0000438
5cde90d1-5a69-4f37-a046-6f9c929da7d2,2,nm0761836
8c3aaa6a-5294-4bc8-9d7b-d5389aaa13b3,5,Q236702
82d638a4-8899-4917-ab72-07e0ff751538,2,nm0000185
6601846e-00a1-4d2c-ba44-67895feef8cd,2,nm0000502
38047272-b01a-43fb-bd65-171da7491859,1,514
e2586b1c-5c12-4ca1-93d8-2a76f79611c8,2,nm0001578
26d5a442-e06c-426f-bbdf-45687da520fa,1,2231
727fcc04-a57b-4779-b90d-8810ea9ed312,2,nm0000222
314d4062-e9f6-428f-8ac6-51f9f62c4527,2,nm0000601
b7e61cac-2c3f-4736-a3cc-46edc229e431,1,2461
93973b9f-5867-440c-b87b-03252f1f8c68,2,nm0000134
f2200d2d-ea3b-426c-bc26-6f22317df9e5,5,Q464522
6c59baba-028d-4523-a2a3-e279b5087aa3,5,Q106225
60c0053e-b018-470a-96d2-8213c0c9b080,5,Q311093
6f031496-4c0c-420f-b3d8-675344b42b40,5,Q189415
d4d48009-4e74-4323-808b-85fef8719cde,5,Q965873
3fcd9ae0-5ab6-4b60-af23-a84608e2469a,5,Q29250
381be8f8-0124-4b24-8acc-df33cf8acc83,2,nm0000882
4c67645a-e060-42db-a1b0-b4a68e6c31ff,5,Q498420
5247aa20-d4d7-412e-baac-81044619f7ef,5,Q229545
38d69333-f86e-4e30-b3f8-04e349ade801,5,Q262735
8c077f12-c8cc-4902-9797-17e29fb22bd8,2,nm0048260
6f27abcd-90a5-47e8-95e4-1226640b18bc,2,nm0000704
c9af2c20-5ba8-4b0a-9b67-3e34afabae63,5,Q4509
1daf693b-6969-4269-a9e7-16b8f4933ffe,2,nm0031785
069a06e9-0114-4b4a-a1bd-b376f094d0a0,2,nm0296594
b7770571-dac0-4ce4-a95a-25c37342d642,2,nm0416944
c4a869e0-c5e0-4234-827c-38ece6f6a8c5,5,Q203804
705e5be2-7781-4305-ae6e-d088a2cbcd0b,5,Q28755
2304edf2-cabe-4ffd-85a6-4d4edcd80530,5,Q495487
4ca6416d-39f3-46a2-923d-324edca6826a,5,Q48410
0a4fd387-98e1-464f-858e-1b7815dcfd08,2,nm0000609
6b1ba9dc-f6f0-480c-afdb-60de7aab7a20,1,24464
541672e0-4592-4985-96a7-5b26a98a91e1,2,nm0414185
ca540938-7735-4119-be7d-dd6ea8a7eedb,2,nm0001036
8dec5ff2-a3f1-4f43-b727-c954e0131efd,1,18841
6c3dc622-c338-406f-b8a6-09090da8f9bf,2,nm0001960
8e22d79f-2a84-4f35-9b6a-d034e0d87bff,1,6574
3f3c5a30-f335-4350-ab7c-945ff1d2a390,5,Q185051
83c42837-644f-49a9-a3cc-a424e14d6e31,1,28189
e51dafbc-1271-44ff-884f-700cbcbc3f2b,5,Q103157
b074c409-57b3-45fd-b6da-49f3d00b2ac7,2,nm0740264
d2eeae88-a736-49d4-adb7-b0ab4fbfcf63,1,35911
e0b3e578-bebd-421a-a7bd-d70a4086f172,2,nm0003909
c3035034-4b8a-4ae6-b134-303810d2c84f,2,nm0005286
bb85abd1-9c9b-4281-aff3-9cc5ca4a8578,1,64
6e4d67b8-5c07-44eb-845d-aaeafa2702fa,1,32044
88174344-3659-4da8-8a99-804e569c5d88,1,48577
87532874-6c1c-4fc3-95fa-9a7d9dac7591,2,nm0590796
028cf502-75a0-4cb9-b3d4-3e39542a839e,2,nm0396136
68d24155-aa5e-4061-9dc1-55d802ee34cd,2,nm0000113
fb21eb15-ef35-4d9f-9462-c624709dfc4e,1,4965
1f20e0b5-042d-4d3d-b452-7b8b66bb0377,5,Q2556526
2fb37367-df7a-4196-8c59-ac052036dc2e,2,nm0000354
25ffa6bc-e468-46fc-ab73-75518b770941,1,8784
a176048e-158f-448d-9bc3-e564fc2d1666,1,35527
8597f1c2-138a-49f0-900e-6fc5fcf077d4,1,65505
740d308e-0a43-456f-8cbc-4b1597bc7427,1,12483
446c65c4-fa1a-471f-a6e7-85a3cea70f76,1,5401
55e9a258-648d-4e3f-b464-80d00bb63401,1,1278162
55e9a258-648d-4e3f-b464-80d00bb63401,2,nm1246724
c486a57a-ff55-43d0-ae12-b02696c50154,5,Q7808775
1f5030f4-c846-4ad7-bd38-0168127b9856,2,nm0424060
b15bb7c5-f6d0-48eb-9a1e-703530203340,2,nm0001368
b15bb7c5-f6d0-48eb-9a1e-703530203340,5,Q471018
56e3eaae-0742-450d-8bed-3f1ffeb6b08a,1,38863
ee45c033-a2c5-4336-adaf-25b392fccb19,5,Q104027
f78a0adc-7cc6-492b-8e88-b252b247374e,5,Q230736
d70a44bc-01cb-4166-864a-3cc3c303ccf9,1,5047
c76830fe-bba5-4b0e-9af9-75380851d622,5,Q318088
c76830fe-bba5-4b0e-9af9-75380851d622,2,nm0785664
62624cc6-60ba-40c4-8ccd-ccb69a8b9223,2,nm0790688
fd93567f-8df7-47b0-924b-150a79065b71,2,nm0597517
fd93567f-8df7-47b0-924b-150a79065b71,1,64221
ac415592-d457-4d69-a7c3-833cf0918211,5,Q106057
c391ceba-e6b4-44a5-a38d-47bfd31b08a8,5,Q107249
d3f92aa7-41ce-413c-87f0-b8d73e983c7e,1,4135
4cb925b0-1bd0-4e18-9ef5-173a614d3341,1,21236
4cb925b0-1bd0-4e18-9ef5-173a614d3341,2,nm0531511
4288bb07-e9b5-46b1-9c74-64d4ba0600a8,1,520
4288bb07-e9b5-46b1-9c74-64d4ba0600a8,5,Q170530
92ce244c-e881-4ad3-9217-74e768021651,5,Q927916
5c959c7b-6669-430b-8641-d84e59409df3,1,3040029
d8bfdcc4-e54a-493f-9c22-862e51e08a49,2,nm0000203
d8bfdcc4-e54a-493f-9c22-862e51e08a49,1,741
0888e319-d363-4077-8fb4-2baa06435c49,2,nm0839090
0888e319-d363-4077-8fb4-2baa06435c49,5,Q1369502
02a87b57-b8e5-4730-aef2-e31ded2de0ac,1,47893
004ff0ee-86ac-41c8-83ec-53f9bf63ad4c,2,nm0728208
20df398d-a2c0-46f0-a425-9ea1f2a4e0a5,2,nm0000204
20df398d-a2c0-46f0-a425-9ea1f2a4e0a5,5,Q37876
25ea1493-8d4e-485c-897b-4c1ca8e42f6f,1,2975
bd280de3-2180-45ac-9819-0b1a9dcb9ce7,2,nm0001154
0b7a3fe3-f303-47dc-9cf0-9ef7404055af,1,5344
0b7a3fe3-f303-47dc-9cf0-9ef7404055af,2,nm0000212
2ef60e47-e58a-4815-bbb7-738e235b664a,2,nm0001083
455015ec-4f40-4f13-8802-bdfca046b807,1,1164543
35de4d08-ae23-42a5-a792-4851f948d0fd,1,69597
24606353-046f-4249-b9ea-0017d917189b,2,nm0271657
a4b69f5f-d0f5-427c-8800-7cb683d320f7,1,41878
d667d8f9-5e17-430b-bffd-5efb988b8d02,1,3836
dadc6be7-5e52-4b08-ade2-503c4beea5ca,1,2227
bc896153-1edb-43b1-b285-07d983806818,2,nm0730755
9f72b128-e7cb-4ee1-9f4f-801e655b430a,2,nm0001548
f6915fdd-bba1-4635-91d3-663c2ba021b1,1,70092
f6915fdd-bba1-4635-91d3-663c2ba021b1,2,nm0197164
589f251b-23c1-4013-88ef-7d42a15cd92c,1,36938
fd50f021-3977-43f3-a78e-4b033eeec7c3,1,119377
63850e4d-5d4c-46cc-8732-e43242601562,2,nm0087141
da7cc277-9b80-4096-96a0-931050a7fe01,5,Q104791
5688f770-c2b7-483d-b4fa-0777c1768612,1,4275
426a39b2-ea59-44c6-bfa0-5625882a1fac,5,Q3169684
426a39b2-ea59-44c6-bfa0-5625882a1fac,2,nm0708053
1a8c3841-f68f-4596-a095-0ce2356479ff,1,6012
def11aee-4a11-4010-bca3-4dc99f4992ba,1,2037
def11aee-4a11-4010-bca3-4dc99f4992ba,2,nm0614165
5b0fe5e7-f6b2-441d-98ff-cbe8676d4bec,2,nm0546673
b9d722ef-078a-4879-90b8-7ea0f1915797,5,Q139560
3b3ad9d6-5575-469f-9b92-f63215ba6197,2,nm0303909
89797198-6014-4d49-97e5-3392bbcfcf67,2,nm0000709
a708156d-9ba1-49de-88f4-bb70d72acccb,5,Q178552
5b4f64dd-431d-4d6e-aeb7-8a27f0cc3559,1,10500
f12a25e5-b6b1-48a0-9dd9-11510aa744ee,2,nm0000149
cf966b6d-9211-4f16-a3a4-f26ef14fb1a1,5,Q205435
6694884c-f696-4a8a-a9b5-5dec058197cb,1,225850
6694884c-f696-4a8a-a9b5-5dec058197cb,5,Q3554530
93973b9f-5867-440c-b87b-03252f1f8c68,5,Q36949
641bad3a-4947-4fb9-b3b8-771ecd760437,1,9560
1a2ef902-20dc-4a40-8728-45fd7edfc5c3,1,16972
1a2ef902-20dc-4a40-8728-45fd7edfc5c3,5,Q543814
41309ffa-a981-4597-8690-96921da96e5b,2,nm0001456
995e16bb-d288-4b24-a355-b88763dfa1e6,2,nm0000034
3c78fac1-4f31-4962-ab0f-248434e5ada5,1,1158
6f031496-4c0c-420f-b3d8-675344b42b40,2,nm0000412
27b173dc-753b-4665-9e03-fe3280616647,2,nm0099828
5102719f-f9b9-45c0-bb0a-61f7b2c8fb10,5,Q38554
266d3ee8-6d1e-4ac4-8bcc-1bc315117720,2,nm0000441
15c1eff4-1271-43a0-928a-cd3ad24f84a8,1,71580
15c1eff4-1271-43a0-928a-cd3ad24f84a8,5,Q244674
a6f4636d-e85f-4a34-8e79-91b0028b8ebb,1,10207
594d657e-95a4-411a-9f04-6d57e2defcc1,1,13689
d4d48009-4e74-4323-808b-85fef8719cde,1,24832
3fcd9ae0-5ab6-4b60-af23-a84608e2469a,2,nm0000195
78ac7eb9-ce14-4d0b-85e9-c1cb5a2b75ab,2,nm0001884
46c31ee2-f27f-4049-95d4-e3bf625ec924,5,Q154519
48d1e194-7ffa-4a2c-95b1-03f4909ef8c1,1,585
c9af2c20-5ba8-4b0a-9b67-3e34afabae63,1,56734
c9af2c20-5ba8-4b0a-9b67-3e34afabae63,2,nm1631269
0a4fd387-98e1-464f-858e-1b7815dcfd08,5,Q310315
ff3f42a0-e994-4627-a84b-b08c5ad4e9ec,2,nm0312985
541672e0-4592-4985-96a7-5b26a98a91e1,1,19934
541672e0-4592-4985-96a7-5b26a98a91e1,5,Q511833
9f5a44dc-9ecf-451e-9fef-a4dcc3cf294a,5,Q202725
6c3dc622-c338-406f-b8a6-09090da8f9bf,5,Q451813
30b4ec7a-4f89-4dec-86ca-2d2e9ad44752,1,147043
cb5f4784-974f-47ab-b250-dbe7a58f1f6a,2,nm0595317
009454cc-da5c-433e-afb5-4b646c4f914f,2,nm0000474
127683d0-dd0e-49dd-a787-2a576ba1655d,1,11510
5db9320b-f723-4418-a1d7-6d354a9d319b,2,nm0001280
b45a92da-cdd9-4f94-8ef3-9e08620fd518,2,nm0632227
4f3f6745-8f2a-4bd2-86bc-60ecd41ed6a5,1,192
d8c3173b-4a70-41ec-9047-d330eb0c6359,2,nm0095564
b45a92da-cdd9-4f94-8ef3-9e08620fd518,5,Q235108
9cabf13e-ce81-4ab8-8d9a-71779bbf7201,1,5576
d2eeae88-a736-49d4-adb7-b0ab4fbfcf63,2,nm0099084
a5b4eea4-8970-4943-ad3a-0e01830f489e,5,Q2673
bb85abd1-9c9b-4281-aff3-9cc5ca4a8578,2,nm0000198
f9485d4b-a9f4-44db-a5ee-4f5ccdbda1a5,5,Q382420
e1f8ec93-48cd-432f-b645-9c4bc6f8f419,1,69958
fdec0e3f-a9a4-43a7-9a9d-a7b7cd1becea,2,nm0000424
9ba16814-0229-4025-927c-795cd4d6dd07,2,nm0000230
9d306803-2aca-406e-8504-818f381153a8,1,5443
28188765-6046-4c73-9145-e4d860750b5b,2,nm0001633
88174344-3659-4da8-8a99-804e569c5d88,5,Q289040
c2984bd4-a6c1-4b3b-b643-4dc82161b522,2,nm0042104
a38d8aa9-35ad-4549-8266-58b1b6da861b,1,16475
9b1e6d17-1190-4933-bd76-bcdc14d46d9b,1,488
033fc60a-b332-47ee-a444-02f43dcf200f,2,nm0022480
32e8e803-a3d0-41ca-a66e-a4a009fca499,2,nm0001844
8b73a38c-8a97-498d-a6c7-03bddc910aed,2,nm0001472
f62b18ff-1127-456e-b33a-228c4cbd0c27,2,nm2968351
4233c003-5019-4f58-a2e3-796ffba6a1d8,1,23915
1f20e0b5-042d-4d3d-b452-7b8b66bb0377,1,30051
a176048e-158f-448d-9bc3-e564fc2d1666,5,Q3165444
b2e7842d-cc7a-47d7-8a99-625359b685a7,2,nm0000232
734e6593-c6eb-40d9-8651-8e071599ad4e,5,Q363659
fc59fc53-f690-4b6e-a3af-f57a20063260,1,197849
6e6dd4a5-6117-4e9d-8935-d1172dbd4d8e,1,131
71120c4e-1d7d-4555-a8a9-088187ab65df,5,Q176455
446c65c4-fa1a-471f-a6e7-85a3cea70f76,5,Q83484
b5b8a16a-0f4e-46d8-b282-cb6e9c1e6e1a,1,206
1ed2494d-6afa-494c-b3df-c84ca5ba8db8,2,nm0343766
1f5030f4-c846-4ad7-bd38-0168127b9856,1,1245
4cff1705-f3d7-4117-a214-bc538377328e,1,101330
e39e29cc-a2fa-4b9f-a19b-d3aea2267834,2,nm0349869
ee45c033-a2c5-4336-adaf-25b392fccb19,2,nm0000018
46bb5915-5550-44a1-81db-e3927dbb7e38,2,nm0001138
21c64182-ad5d-4207-adf5-6df21d1b7bc4,1,62
9755061a-f028-4311-bfd8-8776b20c5529,1,10222
42a016e2-fb7b-4e70-818b-68d36908fabe,5,Q1886630
c4d81e09-f457-4958-8794-3274d60b208a,2,nm0000375
f10e3ab8-5e38-4f0d-a5f2-e796de50cb60,2,nm0580440
a857cb3e-dff3-4c50-b100-9e7e03911cf9,1,50744
182a03db-4442-4f53-b804-5d569b13b4a7,5,Q171530
92ce244c-e881-4ad3-9217-74e768021651,2,nm0000987
29e13a88-bcb3-41de-b852-10ca8394cf2c,2,nm0000295
adb60929-26d0-4453-af01-2ab53dfd62cf,2,nm0001872
c4b4ee4a-d3bf-4954-b6d6-f57dc71ee41d,1,24540
7fb6b47c-2e52-4986-ac18-0495ae00a215,5,Q63189
c98c8ab6-8fb4-40e7-ab5c-5a8675f75846,5,Q164069
1e5f3072-3480-440f-9c41-0cfd1d0be07c,5,Q150943
0b7a3fe3-f303-47dc-9cf0-9ef7404055af,5,Q167498
bc666995-1136-4600-8c02-851ea0500d82,5,Q185140
bf8be473-db59-4b98-82c4-929799b69af1,2,nm0001116
5843e2c2-a1b8-40a9-b95f-75b6d7544de6,1,18364
5843e2c2-a1b8-40a9-b95f-75b6d7544de6,2,nm0001719
8b8a29ff-ad0a-420d-a140-98f89451a24f,1,34584
d2a66da8-1db1-415d-923e-a9d35bf364aa,5,Q1384327
5fe069f1-6bcf-4d2c-a906-fe7971c914d2,1,3040030
5c39cb06-8fee-423a-a8f5-3c057b323164,1,132245
589f251b-23c1-4013-88ef-7d42a15cd92c,5,Q445105
63850e4d-5d4c-46cc-8732-e43242601562,1,24763
d5959d90-b110-4a94-a07b-f126a5c1a1c5,1,35966
fe1f3c62-99fb-4f4b-9887-cb71ddcf3d47,2,nm0000606
fe1f3c62-99fb-4f4b-9887-cb71ddcf3d47,5,Q43697
426a39b2-ea59-44c6-bfa0-5625882a1fac,1,65516
a2a9f05e-86f3-4758-8b3b-d1f31c466f6a,1,22048
a2a9f05e-86f3-4758-8b3b-d1f31c466f6a,2,nm0760203
f1cb9ad0-ab39-4516-96e5-87b4ef3fa0b1,1,690
5170e231-b8d5-4e45-8205-d38527bccc0b,2,nm0384876
3b3ad9d6-5575-469f-9b92-f63215ba6197,5,Q1808093
95da3c96-b306-4694-aa63-678d865edbf5,2,nm0000104
28794c25-dafb-4f23-96a2-a1987a682385,5,Q295107
db41c061-9c42-4e0b-802e-3fa46c220d8c,2,nm0000032
db41c061-9c42-4e0b-802e-3fa46c220d8c,5,Q80739
6694884c-f696-4a8a-a9b5-5dec058197cb,2,nm0345761
7163d870-4490-4866-a9f8-c72b4fa12c6d,1,41526
8337175e-8fb7-4122-8be3-b20c68e778cb,5,Q103343
201295f7-8e8f-477b-adbb-a941704c226f,2,nm0002994
edffc687-a2d7-464c-9210-21eb3f76363a,1,11462
60c0053e-b018-470a-96d2-8213c0c9b080,2,nm0000144
9f822e4b-9677-40b8-9936-5d52533e5912,1,516
3c78fac1-4f31-4962-ab0f-248434e5ada5,2,nm0000199
27b173dc-753b-4665-9e03-fe3280616647,1,59031
5102719f-f9b9-45c0-bb0a-61f7b2c8fb10,1,2413
86a9814b-3cdc-4ae5-8030-7330503c4981,2,nm1508003
5556cedc-9d01-44c6-a69f-354aecd87dc2,2,nm0452288
5556cedc-9d01-44c6-a69f-354aecd87dc2,5,Q234471
6afd5f68-51b4-4b3f-81f3-01a959d33a52,1,29508
6afd5f68-51b4-4b3f-81f3-01a959d33a52,5,Q638177
05021e2a-10f5-479d-9304-48565d139a99,2,nm0547339
ecb14064-7289-4a6f-af66-8fffdbacfb95,5,Q372311
4e32e524-80d8-44e5-961c-9896d359f8de,2,nm0751798
4e32e524-80d8-44e5-961c-9896d359f8de,1,70094
4c67645a-e060-42db-a1b0-b4a68e6c31ff,2,nm0001826
48d1e194-7ffa-4a2c-95b1-03f4909ef8c1,5,Q213574
03eaa5ea-ad8e-4342-b2f5-8d26ec0bbe46,1,64195
a2c5a873-2b75-4824-b334-fa76a6d2e38a,1,13022
2304edf2-cabe-4ffd-85a6-4d4edcd80530,2,nm0040472
ff3f42a0-e994-4627-a84b-b08c5ad4e9ec,5,Q280445
450c6276-60bc-4791-bee4-3152145af6e7,2,nm0000216
63525d0c-746d-4cbd-8e04-604cff1ed5da,2,nm0369894
92426e8c-25a6-4b4b-9670-9ed0d8885ae1,2,nm0000285
ca540938-7735-4119-be7d-dd6ea8a7eedb,1,400
9f5a44dc-9ecf-451e-9fef-a4dcc3cf294a,1,12021
5ff0dcbc-dd57-4248-8400-0f733bfc07f7,5,Q2646765
68f6758f-8b82-42fa-8fdb-9f2d6091ce1f,5,Q41142
03a05d00-9497-4207-adf4-f091f9c4e275,5,Q108935
933a9448-bfe8-438c-9580-787c55374ef4,5,Q264699
30b4ec7a-4f89-4dec-86ca-2d2e9ad44752,2,nm0674735
fafa15e0-5cc0-49da-84c2-608d11fb6d27,1,521
83c42837-644f-49a9-a3cc-a424e14d6e31,2,nm0202994
04b5868b-b9e3-4784-be6a-4dc86d6424ce,2,nm0001406
57aa6745-b209-4c82-b360-ee72aea696b5,2,nm0000693
88826d9b-81ec-4e7c-8783-aa52f9a8b6fc,5,Q49004
d1b5eea4-2394-4136-b5f4-6ebc6869f299,2,nm0001812
603c3e5b-e5dc-4849-b507-ffcf29625478,2,nm0000546
7fb6b47c-2e52-4986-ac18-0495ae00a215,1,69810
5556cedc-9d01-44c6-a69f-354aecd87dc2,1,20011
322fb6b8-6a74-4b09-8ef1-4c9671ad255c,5,Q3194138
84d2a5dd-d1c8-447c-84af-90642e95eae9,1,10989
d2eeae88-a736-49d4-adb7-b0ab4fbfcf63,5,Q3369275
a5b4eea4-8970-4943-ad3a-0e01830f489e,1,51576
0a510c9f-22aa-4794-982c-ae8b02385f1a,2,nm0868139
2f40387a-b1db-41f4-8df9-be91eb0eeb0b,1,9137
fdec0e3f-a9a4-43a7-9a9d-a7b7cd1becea,1,3291
b63e065e-e5df-4476-a439-133a15f24b28,5,Q55419
094ef442-8ffb-4b90-82cf-5d38bf284fcc,1,35608
65a93474-1d55-48df-b1c8-c783ecdc4f63,5,Q3066876
234752f7-3d11-4552-a4b8-b4e1dcd63a1d,5,Q231460
575631e0-dfc7-46af-b40b-c25fc5b26498,1,6949
5a51e7bb-adde-40dd-83ec-b74b2129ded4,2,nm0001157
7679b6c7-9447-47de-a312-c7d3f06e5046,5,Q358990
e423bdfa-29e9-45e0-a450-f40b263be31d,1,40241
e423bdfa-29e9-45e0-a450-f40b263be31d,5,Q730680
c3035034-4b8a-4ae6-b134-303810d2c84f,1,9640
6e6dd4a5-6117-4e9d-8935-d1172dbd4d8e,2,nm0350453
6e6dd4a5-6117-4e9d-8935-d1172dbd4d8e,5,Q133313
71120c4e-1d7d-4555-a8a9-088187ab65df,2,nm0000429
84fadafe-bec3-495c-91c2-1bf8ecfa9060,2,nm0001433
84fadafe-bec3-495c-91c2-1bf8ecfa9060,1,5050
b37fd0df-fb30-4041-9066-906ad7d81e14,1,10774
4cff1705-f3d7-4117-a214-bc538377328e,5,Q1616057
c4d81e09-f457-4958-8794-3274d60b208a,5,Q165219
afac7eba-30aa-418d-b845-178f91c4ea04,2,nm0000275
afac7eba-30aa-418d-b845-178f91c4ea04,1,2165
a857cb3e-dff3-4c50-b100-9e7e03911cf9,5,Q3350422
1f230030-66d6-4733-abdf-02ee520064e4,1,138814
1f230030-66d6-4733-abdf-02ee520064e4,5,Q524747
62f9c581-156a-4279-b7d1-f0365259ae81,2,nm0660854
62f9c581-156a-4279-b7d1-f0365259ae81,5,Q51023
b99389a9-a8aa-4242-8824-94fec54fe335,2,nm0000655
b99389a9-a8aa-4242-8824-94fec54fe335,5,Q318267
ff270c86-6154-4358-8ed2-d688675b18f9,2,nm0468222
ec325e77-9174-4b93-964d-b0e1f11d454d,5,Q223091
ec325e77-9174-4b93-964d-b0e1f11d454d,1,65
5c39cb06-8fee-423a-a8f5-3c057b323164,2,nm2514156
3330e641-9b60-4117-a367-9a5657dc6717,2,nm0877532
fe1f3c62-99fb-4f4b-9887-cb71ddcf3d47,1,1003
b9d722ef-078a-4879-90b8-7ea0f1915797,1,32364
b9d722ef-078a-4879-90b8-7ea0f1915797,2,nm0187337
727fcc04-a57b-4779-b90d-8810ea9ed312,1,15110
148b791c-5cb3-4592-9af4-a0f6e85babeb,2,nm0000223
db41c061-9c42-4e0b-802e-3fa46c220d8c,1,10017
5b4f64dd-431d-4d6e-aeb7-8a27f0cc3559,2,nm0000962
e6274aaa-31e5-40e4-8b83-1c4507de472b,5,Q233365
7621214a-3461-4d5f-bf72-6b4aaeb9e849,1,33008
1a2ef902-20dc-4a40-8728-45fd7edfc5c3,2,nm0530365
4d85f2f4-ee7d-41a2-aadc-0f3d17f6c71f,5,Q102642
7163d870-4490-4866-a9f8-c72b4fa12c6d,2,nm0863816
7163d870-4490-4866-a9f8-c72b4fa12c6d,5,Q466527
201295f7-8e8f-477b-adbb-a941704c226f,1,34597
201295f7-8e8f-477b-adbb-a941704c226f,5,Q281404
718c173c-fe3e-41a6-8035-a9c8e22d0d1a,1,27398
718c173c-fe3e-41a6-8035-a9c8e22d0d1a,5,Q2500306
8783a35c-79df-4149-a4fa-9f6177429a18,2,nm0000261
f3c5dd03-43b7-4fd1-b88f-0a844a96a2be,2,nm0001357
f3c5dd03-43b7-4fd1-b88f-0a844a96a2be,5,Q296641
0e0d6db8-0e7f-403e-a3ba-b07acf25c55c,5,Q726095
0e0d6db8-0e7f-403e-a3ba-b07acf25c55c,2,nm0283500
594d657e-95a4-411a-9f04-6d57e2defcc1,5,Q2121322
85c067fc-8fb7-4d91-8138-5b602ba7955e,2,nm0680983
85c067fc-8fb7-4d91-8138-5b602ba7955e,5,Q173399
d040d654-7e08-42ec-ac2d-83e11dd47d1a,1,109516
5e796dff-a3c9-4846-b1cf-ac06195ac7a2,1,25541
5e796dff-a3c9-4846-b1cf-ac06195ac7a2,2,nm0001337
5e796dff-a3c9-4846-b1cf-ac06195ac7a2,5,Q189554
0a9642a4-b613-4da2-bc6f-529a70da87af,5,Q958109
0a9642a4-b613-4da2-bc6f-529a70da87af,2,nm0006939
8589decc-c424-45bc-9188-b82e7d9caa12,2,nm0296596
3fcd9ae0-5ab6-4b60-af23-a84608e2469a,1,1532
aff70142-3df7-427f-8cef-8824d84fe904,1,35865
34fd6901-e3ef-4d14-a6c7-d28c82ca8b65,1,65683
34fd6901-e3ef-4d14-a6c7-d28c82ca8b65,5,Q2735504
9adc060e-7c0c-4129-b834-423ca735565a,2,nm0000456
9adc060e-7c0c-4129-b834-423ca735565a,5,Q105660
30e140ad-88c1-47d0-84e2-3a70d8398692,2,nm0000483
f6b22f0a-18e8-4e44-bf79-d04c046523a5,5,Q495549
f6b22f0a-18e8-4e44-bf79-d04c046523a5,2,nm0000236
15ddbbbe-6edb-41d3-984d-7ccc2ce895e6,1,124442
15ddbbbe-6edb-41d3-984d-7ccc2ce895e6,2,nm0000660
4b93b1da-b16c-403d-8d48-32b43319b60f,2,nm0001099
6cdc1d24-fdff-4833-8b72-ff7159fdaa06,1,12688
6cdc1d24-fdff-4833-8b72-ff7159fdaa06,2,nm0001493
6cdc1d24-fdff-4833-8b72-ff7159fdaa06,5,Q299309
b0e8734a-2460-445b-9a3d-f135745d85a3,2,nm0303636
63525d0c-746d-4cbd-8e04-604cff1ed5da,1,82326
5ff0dcbc-dd57-4248-8400-0f733bfc07f7,1,24893
933a9448-bfe8-438c-9580-787c55374ef4,1,3033
3f3c5a30-f335-4350-ab7c-945ff1d2a390,1,4690
df4f2f7a-e7bd-4e39-bf2b-871d1bf260cb,5,Q16472
df4f2f7a-e7bd-4e39-bf2b-871d1bf260cb,1,10158
5b37f13a-e13e-42ce-8c6a-e59ef4d1fb4b,1,78216
5b37f13a-e13e-42ce-8c6a-e59ef4d1fb4b,2,nm2864046
5b37f13a-e13e-42ce-8c6a-e59ef4d1fb4b,5,Q269873
60369b57-d42e-4cf5-8c02-8e6f28d825a7,1,15111
a5be2709-d6e9-46fb-b34a-fe8409799879,1,35919
a5be2709-d6e9-46fb-b34a-fe8409799879,2,nm0716709
fafa15e0-5cc0-49da-84c2-608d11fb6d27,5,Q395274
d0904f9c-d7ec-4312-afed-08d4bf01cd77,5,Q349391
009454cc-da5c-433e-afb5-4b646c4f914f,5,Q138005
578ed45b-edca-4465-b142-40a0e256569f,1,5442
578ed45b-edca-4465-b142-40a0e256569f,5,Q539703
578ed45b-edca-4465-b142-40a0e256569f,2,nm0536095
65e94a1b-715d-4c52-be15-7bbab229dbc4,2,nm0000287
de8ea83b-876a-496d-98f9-68df5aaedebb,2,nm0001309
d4809c32-d0ad-4b58-80d7-e6ca92be8e76,2,nm0000102
04b5868b-b9e3-4784-be6a-4dc86d6424ce,5,Q235302
5db9320b-f723-4418-a1d7-6d354a9d319b,1,3981
d1b5eea4-2394-4136-b5f4-6ebc6869f299,1,4078
f330ec61-0ba9-4da9-b1f0-1353f9ab641c,1,5472
575631e0-dfc7-46af-b40b-c25fc5b26498,2,nm0000518
5a51e7bb-adde-40dd-83ec-b74b2129ded4,1,27446
84fadafe-bec3-495c-91c2-1bf8ecfa9060,5,Q266270
afac7eba-30aa-418d-b845-178f91c4ea04,5,Q109232
f03d0347-f50b-40e8-a54e-6d4150cf66a1,1,8655
f330ec61-0ba9-4da9-b1f0-1353f9ab641c,5,Q162492
322fb6b8-6a74-4b09-8ef1-4c9671ad255c,1,32094
2e24400b-2353-4be5-b6de-746870abf0cc,2,nm0000362
603c3e5b-e5dc-4849-b507-ffcf29625478,5,Q318249
84d2a5dd-d1c8-447c-84af-90642e95eae9,5,Q19190
b45a92da-cdd9-4f94-8ef3-9e08620fd518,1,70066
9cabf13e-ce81-4ab8-8d9a-71779bbf7201,2,nm0000174
bbe7935d-8c2c-4364-ae51-820c755fc172,2,nm0591877
bbe7935d-8c2c-4364-ae51-820c755fc172,1,4274
83a7b2a9-e15f-4832-9c50-1f8f98076323,5,Q35332
06081bea-aa87-43fb-bb02-9ab63cab7ee5,2,nm0000651
9fc99ded-5af9-49a2-92ed-a027d1adea19,2,nm0350746
e7f8c8ed-4374-4471-9202-be65c117599e,1,5723
456d7ebf-04ae-4450-b469-96bfdfd977cc,2,nm0000206
ae0749cc-2913-4493-b369-1985bb40fad6,1,205
ae0749cc-2913-4493-b369-1985bb40fad6,5,Q76478
b710c712-f26e-48e7-8655-4bc98009cceb,5,Q309690
0a510c9f-22aa-4794-982c-ae8b02385f1a,5,Q3387127
e1f8ec93-48cd-432f-b645-9c4bc6f8f419,2,nm0272794
a7e2e550-5eef-4a5d-9327-ecedcbdffbbe,5,Q212873
e713859f-af45-4aa5-941f-2cd359491f1c,5,Q55422
2f40387a-b1db-41f4-8df9-be91eb0eeb0b,2,nm0000250
67fb24d5-3a19-4848-b58c-e371faf3706e,5,Q220698
67fb24d5-3a19-4848-b58c-e371faf3706e,2,nm0000579
6e4d67b8-5c07-44eb-845d-aaeafa2702fa,2,nm0763746
b63e065e-e5df-4476-a439-133a15f24b28,1,14277
31899d50-2dbe-4349-ad36-e0ea192a1914,5,Q106443
f2e5d1d2-d870-4ad4-a6d3-1a12848f119d,1,24891
322af6f9-3530-4903-81b3-39bc339e158f,2,nm1500155
d43f9fda-6e7f-4b07-ac54-056a330411d0,1,3125
180b3083-5cd0-40f6-9817-7d948fd63436,2,nm0910607
ce02416d-4d88-4675-a232-f717eb9615c0,1,1370967
a3591726-da0e-4ecd-927b-41d90a04c3a9,2,nm0949350
87532874-6c1c-4fc3-95fa-9a7d9dac7591,5,Q465709
bcf44671-c2d5-47a7-91c1-37afb764c162,1,63
094ef442-8ffb-4b90-82cf-5d38bf284fcc,2,nm0235460
028cf502-75a0-4cb9-b3d4-3e39542a839e,1,14246
028cf502-75a0-4cb9-b3d4-3e39542a839e,5,Q375290
65a93474-1d55-48df-b1c8-c783ecdc4f63,1,70427
96b6fde8-7cb4-4b10-a35d-8e5643da45f9,5,Q548400
974c11bb-ab89-4e17-8ddc-3d32ce4c88c3,5,Q233862
974c11bb-ab89-4e17-8ddc-3d32ce4c88c3,1,2230
8f6e238e-6e41-4c6b-94a4-5ca5a6f39e50,2,nm0000489
6ff408bb-d4a1-47a4-93af-2ae3e1ea9765,2,nm0088396
734e6593-c6eb-40d9-8651-8e071599ad4e,2,nm0000986
3dd71dbc-3fee-4e31-9d9e-411aa9ba5cb3,5,Q922779
b37fd0df-fb30-4041-9066-906ad7d81e14,2,nm0000843
b37fd0df-fb30-4041-9066-906ad7d81e14,5,Q183532
ee7f1acd-faa2-4066-8b4a-b4590fffcfd8,2,nm0320801
d8c3173b-4a70-41ec-9047-d330eb0c6359,5,Q724867
5fe0bab1-5513-41a3-9c45-3d309ad266f2,1,24861
5fe0bab1-5513-41a3-9c45-3d309ad266f2,2,nm0171494
46bb5915-5550-44a1-81db-e3927dbb7e38,5,Q447293
49242460-8b4a-4e1c-b3a4-603c9bf705c7,5,Q693301
bbfa0fb7-0e06-4a03-a8ab-10869a8e9e5c,1,25461
bbfa0fb7-0e06-4a03-a8ab-10869a8e9e5c,5,Q175900
e303c48d-32cf-4f00-b66d-dc1f01cd1d1c,1,28412
ac415592-d457-4d69-a7c3-833cf0918211,2,nm0598971
1f230030-66d6-4733-abdf-02ee520064e4,2,nm0537865
aa92d398-b73c-4958-9359-a6dfc836197e,1,9594
aa92d398-b73c-4958-9359-a6dfc836197e,2,nm0001684
e82dea08-7c73-4955-8937-a3fa39f2081a,1,5293
b8d20f93-0509-47d5-b4ae-268524835e3d,1,2713
b8d20f93-0509-47d5-b4ae-268524835e3d,2,nm0000157
37f2a816-7dc8-48f7-ad5c-588847c07313,1,10212
ca695ce5-064d-4ba6-b19b-595d82ce3d13,2,nm0000333
d1d7a1a5-bb64-45e2-9595-5c7c8a31df73,2,nm0464846
ff270c86-6154-4358-8ed2-d688675b18f9,5,Q448566
ff270c86-6154-4358-8ed2-d688675b18f9,1,69763
a4b69f5f-d0f5-427c-8800-7cb683d320f7,2,nm0529591
bd7e7669-0007-4cb5-9218-b72163039cf5,5,Q133050
ec325e77-9174-4b93-964d-b0e1f11d454d,2,nm0000453
2860ab6b-e98d-4c47-80be-bc2a536ff671,5,Q207596
bb5617a7-6e73-4024-838e-2354bdfba063,2,nm0201462
5688f770-c2b7-483d-b4fa-0777c1768612,2,nm0149260
fa0078ef-fe0c-46ea-ad84-d5b527494f74,1,1920
190468ed-8052-4548-83ac-6da758db39c9,2,nm0000531
190468ed-8052-4548-83ac-6da758db39c9,5,Q204299
906e255b-6e5e-46d2-972e-766035e1d369,2,nm0001790
99d0f7a6-f14e-49eb-993b-4231064bf27c,5,Q450429
99d0f7a6-f14e-49eb-993b-4231064bf27c,1,10661
55a018ac-eea4-42f9-92b2-671d376bea5d,5,Q102341
52c92562-c0e4-45b2-a980-c3c81a3cef1c,5,Q11930
ddcaa0c0-0648-4884-ac2d-be4b565f19e4,1,1267329
ddcaa0c0-0648-4884-ac2d-be4b565f19e4,2,nm2143282
9f822e4b-9677-40b8-9936-5d52533e5912,5,Q190602
c9f5529f-40f4-4de9-87db-d4116a69cc1a,1,35323
ecb14064-7289-4a6f-af66-8fffdbacfb95,2,nm0000335
ecb14064-7289-4a6f-af66-8fffdbacfb95,1,515
594436cf-1f7a-4a96-8f41-53792e1d10df,5,Q186485
0a9642a4-b613-4da2-bc6f-529a70da87af,1,35896
05a69667-f2e5-43ff-ae07-6d236d3598b4,5,Q174843
8abe9514-a2ca-424f-b952-b9edc29fcd41,1,146217
8abe9514-a2ca-424f-b952-b9edc29fcd41,5,Q3416162
8589decc-c424-45bc-9188-b82e7d9caa12,5,Q3035167
89914cf3-936b-4a0e-b344-8da1a55c03a4,5,Q291679
89914cf3-936b-4a0e-b344-8da1a55c03a4,1,110318
89914cf3-936b-4a0e-b344-8da1a55c03a4,2,nm0318919
967bcbd7-db88-46bd-86aa-0ec40a80a9b0,2,nm0597816
967bcbd7-db88-46bd-86aa-0ec40a80a9b0,1,24387
a2c5a873-2b75-4824-b334-fa76a6d2e38a,5,Q299317
3377ebd5-519e-499d-951d-dd2159bacc40,1,140
3377ebd5-519e-499d-951d-dd2159bacc40,5,Q188375
3377ebd5-519e-499d-951d-dd2159bacc40,2,nm0005154
6b1ba9dc-f6f0-480c-afdb-60de7aab7a20,2,nm0451828
20470404-2215-409e-b634-376796688998,1,10127
28c2a700-21de-49cf-b0b2-ff27ade9f708,1,8892
28c2a700-21de-49cf-b0b2-ff27ade9f708,5,Q185165
b70e60fc-cc9f-4480-b327-60f999bbb244,1,6684
8ffbc76c-498b-45d4-a68a-a3379dbb46df,2,nm0483812
b243eb24-1b83-4293-b819-0f3988f40565,1,12852
2a6c8bbd-304d-4201-a977-0ae2243aff05,2,nm0496312
be19aaef-7141-424e-bd95-a2094b054bfa,5,Q712457
1c087b89-1d64-4072-a1e8-6a2d39cbaf15,5,Q347635
f2e5d1d2-d870-4ad4-a6d3-1a12848f119d,2,nm0180404
8f6e238e-6e41-4c6b-94a4-5ca5a6f39e50,5,Q180338
47483fae-2229-4cca-835b-e1b69bf54c87,2,nm0000434
52cff270-2eac-4c01-8dc3-623beaf35ea0,5,Q172653
f03d0347-f50b-40e8-a54e-6d4150cf66a1,2,nm0000388
f330ec61-0ba9-4da9-b1f0-1353f9ab641c,2,nm0000147
2e24400b-2353-4be5-b6de-746870abf0cc,5,Q26806
2e24400b-2353-4be5-b6de-746870abf0cc,1,518
bbe7935d-8c2c-4364-ae51-820c755fc172,5,Q234297
03621737-f802-440d-a8cf-db3959caf6ef,5,Q189490
a5b4eea4-8970-4943-ad3a-0e01830f489e,2,nm0001569
06081bea-aa87-43fb-bb02-9ab63cab7ee5,5,Q190994
9fc99ded-5af9-49a2-92ed-a027d1adea19,1,78475
e0b3e578-bebd-421a-a7bd-d70a4086f172,5,Q346540
160ee36b-0ec9-4fc5-8821-280cdae7b274,2,nm0005251
160ee36b-0ec9-4fc5-8821-280cdae7b274,1,530
cfbc0a1a-6f79-4d89-9412-6de889a7dd84,2,nm0000101
e7f8c8ed-4374-4471-9202-be65c117599e,2,nm0000491
456d7ebf-04ae-4450-b469-96bfdfd977cc,1,6384
ae0749cc-2913-4493-b369-1985bb40fad6,2,nm0000379
7a3b3f1b-b73e-47c2-9b12-ea81bc87816d,1,49025
21486d08-26e3-46a5-8a57-1ac0235ff41a,1,3895
0a510c9f-22aa-4794-982c-ae8b02385f1a,1,589521
f9485d4b-a9f4-44db-a5ee-4f5ccdbda1a5,1,22675
2f40387a-b1db-41f4-8df9-be91eb0eeb0b,5,Q122614
31899d50-2dbe-4349-ad36-e0ea192a1914,2,nm0320760
ce02416d-4d88-4675-a232-f717eb9615c0,2,nm6036593
e10fb817-1ef1-4fa2-9cae-f7ac0e1d0a78,2,nm0100172
373eaca2-1eaa-449d-a24b-1f25af2a2263,5,Q1398256
373eaca2-1eaa-449d-a24b-1f25af2a2263,2,nm0003508
5377da7d-d434-4dca-9206-406855c1d96c,1,883
d06d8895-067c-4dac-b153-4876c13e032e,5,Q208339
d06d8895-067c-4dac-b153-4876c13e032e,2,nm0518085
094ef442-8ffb-4b90-82cf-5d38bf284fcc,5,Q2829753
a38d8aa9-35ad-4549-8266-58b1b6da861b,2,nm0000608
7c24d6f5-5c8a-473c-8945-2467d86e3abc,2,nm0821739
65a93474-1d55-48df-b1c8-c783ecdc4f63,2,nm0159129
9f69c024-b15c-4bf2-8f53-d968337306ea,2,nm0000244
9c6c466d-e69a-47d1-b3d1-2d618d438b09,2,nm0000469
fb21eb15-ef35-4d9f-9462-c624709dfc4e,5,Q500155
8f55b03c-4c1d-4e1e-9c66-1d8ce00c75e6,1,94785
8f55b03c-4c1d-4e1e-9c66-1d8ce00c75e6,5,Q2861579
03f56b4c-1ce6-4c72-bac4-2cf9ef18d01c,1,4139
03f56b4c-1ce6-4c72-bac4-2cf9ef18d01c,5,Q320093
8b73a38c-8a97-498d-a6c7-03bddc910aed,1,1336
6acdafbf-df9b-474e-90b7-c5138c80b843,5,Q43874
8e7b80a8-0352-4662-9255-253c748852e3,2,nm0000129
608481e7-befa-4b88-b701-d9fa9830a329,2,nm0468957
4233c003-5019-4f58-a2e3-796ffba6a1d8,2,nm0001552
23cd4edb-007f-4dd6-ba4f-9c876d5c424e,1,349
147db1a9-d8bf-4157-809c-3dd886b90641,2,nm0000661
25ffa6bc-e468-46fc-ab73-75518b770941,5,Q4547
25ffa6bc-e468-46fc-ab73-75518b770941,2,nm0185819
89029157-70cf-4df8-a0e6-66ba2650c1b6,1,4273
2b591cc4-2ca5-473c-95a6-27f93ca0a5f7,1,2197
3dd71dbc-3fee-4e31-9d9e-411aa9ba5cb3,2,nm0699510
ea4dc8b8-ca26-4ca9-8d88-4745933a6272,2,nm0001598
07c25eda-0fe2-4b95-a410-7df73b7adfbd,1,31
c9e467af-d71a-4dd7-9863-8860e6bb3748,2,nm1419440
603e216b-76d1-4fe1-b9b8-50cd054776f1,5,Q73346
9a9b19f0-0160-4fa6-aac5-a510583205ae,2,nm0914612
97c13ae1-ffa5-4bbd-9c5a-53bed33ac452,1,11214
b55b1525-2cbe-4723-bc8a-6a00ebf5c7dc,5,Q180852
46bb5915-5550-44a1-81db-e3927dbb7e38,1,94814
86d6a3a7-0430-4792-a7d0-330ff726eab9,1,65002
f89880cb-fc33-4dee-8de4-b4ed73317c1d,5,Q315039
58bef111-8a6c-4b6f-a559-72ba1b01edea,2,nm0806726
2a5194c2-d23f-40ed-9aa7-ea09e4814b7d,2,nm0202966
8514437d-7d34-4127-b3c8-acbc25166476,5,Q314200
41bde72f-188a-4ccc-a63c-84d188cba9de,1,1161
46dde068-fddf-4019-b505-32027071fcd3,5,Q1712249
b8d20f93-0509-47d5-b4ae-268524835e3d,5,Q208214
85e7a0c6-4d33-4e8d-9669-393055db48d4,1,21171
cd48fccf-299f-49b5-9064-abd78f938df7,2,nm0546868
2ef60e47-e58a-4815-bbb7-738e235b664a,1,69718
e958e229-9a7d-449f-b7eb-0abbdbe58f95,1,8858
6b15885c-3e38-47e7-af07-382943278fe8,2,nm0001771
35de4d08-ae23-42a5-a792-4851f948d0fd,2,nm0000106
ddc1ba58-fb70-4e4c-b076-f251dc6418ee,2,nm0000652
1f91c00f-066d-470d-a2c7-fc5d8586b728,2,nm0000582
1a0004f1-0327-4c7a-9b3d-a574ffc0998b,2,nm0001806
2860ab6b-e98d-4c47-80be-bc2a536ff671,2,nm0000435
0644f877-b577-44e4-af03-49d0f199a332,5,Q65321
bb5617a7-6e73-4024-838e-2354bdfba063,1,47337
3330e641-9b60-4117-a367-9a5657dc6717,1,101327
e2586b1c-5c12-4ca1-93d8-2a76f79611c8,1,1734
28794c25-dafb-4f23-96a2-a1987a682385,2,nm0001558
b7e61cac-2c3f-4736-a3cc-46edc229e431,5,Q42229
55a018ac-eea4-42f9-92b2-671d376bea5d,2,nm0000396
52c92562-c0e4-45b2-a980-c3c81a3cef1c,2,nm0000126
832125cf-1c43-4b76-a318-d30342561c5d,2,nm0071114
3a630a33-22dc-44f7-afa6-31fd439ef0bd,5,Q1033016
594436cf-1f7a-4a96-8f41-53792e1d10df,2,nm0000345
c872e22c-096a-4b71-886e-491e7733d3df,1,16566
c0854fab-37ea-4751-9f1c-46c34fa6a78e,2,nm1869756
bf7af83f-367a-4a52-a6c1-46a78466af1d,2,nm0000092
05a69667-f2e5-43ff-ae07-6d236d3598b4,2,nm0000313
8589decc-c424-45bc-9188-b82e7d9caa12,1,19165
421f44a8-e36f-43ec-9dee-9c58a0b9a47a,2,nm0000177
a2c5a873-2b75-4824-b334-fa76a6d2e38a,2,nm0000297
d0791cf1-298f-40ae-83db-138627c00880,2,nm0313702
6b1ba9dc-f6f0-480c-afdb-60de7aab7a20,5,Q2087624
b0e8734a-2460-445b-9a3d-f135745d85a3,1,545020
20470404-2215-409e-b634-376796688998,2,nm0000685
d3e31373-9988-48b9-8be7-c24ca6e9464f,1,383
d3e31373-9988-48b9-8be7-c24ca6e9464f,2,nm0001589
28c2a700-21de-49cf-b0b2-ff27ade9f708,2,nm0000556
b70e60fc-cc9f-4480-b327-60f999bbb244,2,nm0001223
6c3dc622-c338-406f-b8a6-09090da8f9bf,1,40938
8ffbc76c-498b-45d4-a68a-a3379dbb46df,1,91484
df4f2f7a-e7bd-4e39-bf2b-871d1bf260cb,2,nm0000053
6fdf82d1-1804-4d05-88a7-be92124d54ae,1,82793
009454cc-da5c-433e-afb5-4b646c4f914f,1,2232
be19aaef-7141-424e-bd95-a2094b054bfa,2,nm0001513
b243eb24-1b83-4293-b819-0f3988f40565,2,nm0179224
47483fae-2229-4cca-835b-e1b69bf54c87,1,2
d247621e-d5c0-4918-8990-09a45f8fa613,5,Q95008
bf7af83f-367a-4a52-a6c1-46a78466af1d,5,Q25014
f848a700-2c50-43bb-94df-045b676cdb77,2,nm0000225
21486d08-26e3-46a5-8a57-1ac0235ff41a,5,Q123351
73b1436e-a13b-49ec-aae9-bdcc3f1bf4b3,2,nm0000380
f959123b-cf39-4894-8212-c30eb613b117,1,45415
4b9922fe-ae5d-463d-8685-0cf873a41563,5,Q1215287
b63e065e-e5df-4476-a439-133a15f24b28,2,nm0001428
31899d50-2dbe-4349-ad36-e0ea192a1914,1,6014
764fac78-49cd-4a5c-87e7-8bceeb8a828b,2,nm0000164
d43f9fda-6e7f-4b07-ac54-056a330411d0,5,Q1744
68d24155-aa5e-4061-9dc1-55d802ee34cd,1,18277
0b221e5e-8824-49f4-bf00-09cffd5f89c2,5,Q315243
575631e0-dfc7-46af-b40b-c25fc5b26498,5,Q172261
a29d67e0-fcf0-412d-bff2-5e95eb2704d1,2,nm0001716
3ce1e09e-6cb0-4e8e-a426-75ec15c7e690,5,Q964071
03f56b4c-1ce6-4c72-bac4-2cf9ef18d01c,2,nm0000643
8b73a38c-8a97-498d-a6c7-03bddc910aed,5,Q159577
105bb977-3948-4f66-bb2c-ed37c1803766,2,nm0000560
147db1a9-d8bf-4157-809c-3dd886b90641,1,55636
a176048e-158f-448d-9bc3-e564fc2d1666,2,nm0050983
7679b6c7-9447-47de-a312-c7d3f06e5046,2,nm0393222
5d63d9cb-39ae-4745-af0f-cf41729e5e1d,1,10814
734e6593-c6eb-40d9-8651-8e071599ad4e,1,29092
c9e467af-d71a-4dd7-9863-8860e6bb3748,5,Q236089
6873e324-1eec-4ae4-b14d-9e5ccb2baab1,1,1004
740d308e-0a43-456f-8cbc-4b1597bc7427,2,nm0245356
c868fa91-5534-4573-9532-bab6d0359d9d,1,781
603e216b-76d1-4fe1-b9b8-50cd054776f1,2,nm0001494
0f28abed-ea87-4ebc-830c-31f975f34227,1,73931
b5b8a16a-0f4e-46d8-b282-cb6e9c1e6e1a,2,nm0000120
9a9b19f0-0160-4fa6-aac5-a510583205ae,1,10990
2f9d0443-68a2-4662-b3a9-cd1ff4b36bc2,5,Q110374
e39e29cc-a2fa-4b9f-a19b-d3aea2267834,5,Q1439965
eb641584-5d77-4e9d-a609-1283a8315c8f,5,Q83338
eb641584-5d77-4e9d-a609-1283a8315c8f,1,2157
56e3eaae-0742-450d-8bed-3f1ffeb6b08a,2,nm0998117
d9b975ba-5d65-4647-a184-f3acd9714a1a,1,41029
9755061a-f028-4311-bfd8-8776b20c5529,2,nm0000549
063641d7-1d47-4349-9b6f-2309b32416fc,5,Q3293631
96e5581b-204b-4a16-9127-213adebfcc01,5,Q171091
833289e2-f083-4dba-afc8-cfe4dc6451a3,2,nm0000112
58bef111-8a6c-4b6f-a559-72ba1b01edea,5,Q3486921
d70a44bc-01cb-4166-864a-3cc3c303ccf9,5,Q283872
dbb64dbe-23db-433e-af34-1962bcc0068c,1,8944
e303c48d-32cf-4f00-b66d-dc1f01cd1d1c,5,Q232851
e303c48d-32cf-4f00-b66d-dc1f01cd1d1c,2,nm0000360
f10e3ab8-5e38-4f0d-a5f2-e796de50cb60,5,Q230703
ee5ca5ed-86e9-4b58-b159-1b11efa273e2,2,nm0630963
8514437d-7d34-4127-b3c8-acbc25166476,2,nm0001092
46dde068-fddf-4019-b505-32027071fcd3,2,nm0347453
42730da3-7ba6-429b-ade8-f9d0287931d8,2,nm0000219
41b9a8fb-da7a-4d14-9ca3-e44fc70d3527,2,nm0487254
f8869b1b-e42c-439c-abee-2191c8ae185a,5,Q220584
182a03db-4442-4f53-b804-5d569b13b4a7,2,nm0115730
7fb6b47c-2e52-4986-ac18-0495ae00a215,2,nm0944073
3fb2633e-4857-4d64-8876-763c5adb052c,2,nm0491763
62f9c581-156a-4279-b7d1-f0365259ae81,1,65007
44300acc-7c79-4769-8529-0b6f4e83708c,2,nm0001283
1e5f3072-3480-440f-9c41-0cfd1d0be07c,2,nm0000432
e958e229-9a7d-449f-b7eb-0abbdbe58f95,2,nm0718645
adfaeeca-57af-4399-9d7a-b277a0b7dc94,1,16851
a4b69f5f-d0f5-427c-8800-7cb683d320f7,5,Q746932
6514c6fb-b221-4485-b409-82cafa2c1706,1,1977
765d7669-6324-4204-b8c6-f4da50fefd51,5,Q3141992
61b699b3-9025-401c-ad22-3fcd59d09b1c,1,35202
0644f877-b577-44e4-af03-49d0f199a332,2,nm0000583
f6915fdd-bba1-4635-91d3-663c2ba021b1,5,Q239527
e98c10cb-0be2-48d9-a5b6-1b8d4387a24a,1,7487
e98c10cb-0be2-48d9-a5b6-1b8d4387a24a,2,nm0000309
fd50f021-3977-43f3-a78e-4b033eeec7c3,2,nm0105317
d5959d90-b110-4a94-a07b-f126a5c1a1c5,5,Q3026948
706ae11c-1c62-4e6b-a864-b1cfb69822a8,2,nm0002010
def11aee-4a11-4010-bca3-4dc99f4992ba,5,Q202589
38047272-b01a-43fb-bd65-171da7491859,2,nm0000197
e2586b1c-5c12-4ca1-93d8-2a76f79611c8,5,Q231135
8f2492f4-4ba1-4f53-939f-7f3afc8b325a,1,6449
e6274aaa-31e5-40e4-8b83-1c4507de472b,2,nm0001573
832125cf-1c43-4b76-a318-d30342561c5d,1,35899
59200eec-107f-44b2-afc7-992ab94073ec,2,nm0001728
641bad3a-4947-4fb9-b3b8-771ecd760437,2,nm0000995
3a630a33-22dc-44f7-afa6-31fd439ef0bd,2,nm0000932
ba8301bf-3264-48fe-8805-49f1f74445ed,2,nm0000905
9f822e4b-9677-40b8-9936-5d52533e5912,2,nm0000906
d101e63b-7790-43f8-86ff-8e65e58cc56c,2,nm0001765
d101e63b-7790-43f8-86ff-8e65e58cc56c,1,5048
27b173dc-753b-4665-9e03-fe3280616647,5,Q1210511
5102719f-f9b9-45c0-bb0a-61f7b2c8fb10,2,nm0684500
15c1eff4-1271-43a0-928a-cd3ad24f84a8,2,nm1212722
fe0284e3-f72f-4536-ba53-fc005fcf2233,2,nm0000657
baa8c24e-2e87-4077-acb1-c76dadf5099e,1,10211
365518ba-b55a-44db-a8f7-51eecc22d9e3,1,11160
6afd5f68-51b4-4b3f-81f3-01a959d33a52,2,nm0646768
10abd4fe-3501-4e66-9404-642affce8f8e,5,Q2673
26b8f537-0d34-4654-884d-45991b25f862,5,Q42574
d040d654-7e08-42ec-ac2d-83e11dd47d1a,2,nm0194662
d040d654-7e08-42ec-ac2d-83e11dd47d1a,5,Q511848
30c3d68a-c742-4b20-924c-5fc00bc3d96f,2,nm0014883
c0854fab-37ea-4751-9f1c-46c34fa6a78e,1,127720
bf7af83f-367a-4a52-a6c1-46a78466af1d,1,8930
78ac7eb9-ce14-4d0b-85e9-c1cb5a2b75ab,1,2201
78ac7eb9-ce14-4d0b-85e9-c1cb5a2b75ab,5,Q203215
ae740fe7-8eea-4f9e-807e-e3d384ca947c,2,nm0593306
421f44a8-e36f-43ec-9dee-9c58a0b9a47a,1,8945
967bcbd7-db88-46bd-86aa-0ec40a80a9b0,5,Q738944
aff70142-3df7-427f-8cef-8824d84fe904,2,nm0817339
92426e8c-25a6-4b4b-9670-9ed0d8885ae1,5,Q170572
b70e60fc-cc9f-4480-b327-60f999bbb244,5,Q486103
8add261c-9aff-44f2-9aa1-63a3f33eac8d,1,722
933a9448-bfe8-438c-9580-787c55374ef4,2,nm0000696
30b4ec7a-4f89-4dec-86ca-2d2e9ad44752,5,Q1344659
3f3c5a30-f335-4350-ab7c-945ff1d2a390,2,nm0000686
de8ea83b-876a-496d-98f9-68df5aaedebb,1,1904
04b5868b-b9e3-4784-be6a-4dc86d6424ce,1,10556
bb95d424-4c91-45ae-93ed-d075b4acb749,5,Q954841
160ee36b-0ec9-4fc5-8821-280cdae7b274,5,Q206890
7a3b3f1b-b73e-47c2-9b12-ea81bc87816d,2,nm0494078
5d63d9cb-39ae-4745-af0f-cf41729e5e1d,5,Q189694
8f04e6c9-6f9b-47f6-bfb1-10e0bbc718ab,2,nm0746022
73b1436e-a13b-49ec-aae9-bdcc3f1bf4b3,5,Q171736
ea853bcb-5133-40e4-9269-735d810c84b2,5,Q280098
f959123b-cf39-4894-8212-c30eb613b117,2,nm0001411
36f5b9d6-8dd4-4263-a86d-3196dee4a03e,2,nm0000153
9e7fb208-0ecf-4c5c-869c-4298eb9f0a4c,2,nm0000156
2fde32d6-3e8b-48ac-96ba-80056449cbbe,1,28906
04fae85f-e44e-4d9f-860c-80656a19126d,2,nm0623899
9d306803-2aca-406e-8504-818f381153a8,2,nm0512071
c2984bd4-a6c1-4b3b-b643-4dc82161b522,1,21170
bcf44671-c2d5-47a7-91c1-37afb764c162,2,nm0000170
d06d8895-067c-4dac-b153-4876c13e032e,1,7218
234752f7-3d11-4552-a4b8-b4e1dcd63a1d,2,nm0000208
0b221e5e-8824-49f4-bf00-09cffd5f89c2,2,nm0007069
8f55b03c-4c1d-4e1e-9c66-1d8ce00c75e6,2,nm0925800
23363946-7dde-472e-a31e-408f15845aae,1,1231
3ce1e09e-6cb0-4e8e-a426-75ec15c7e690,2,nm0939378
8e7b80a8-0352-4662-9255-253c748852e3,5,Q37079
446c9413-f1e9-46fe-877e-dabbcbedb5b8,5,Q52392
1f20e0b5-042d-4d3d-b452-7b8b66bb0377,2,nm0000714
4da90102-873c-4a8a-b87b-5e1e0a8373d2,2,nm0001865
9a4c055b-d92e-46ae-b854-e9c16fc01878,5,Q17566665
1f419f22-4156-457a-8475-11011a92c734,1,21923
1f419f22-4156-457a-8475-11011a92c734,2,nm0229939
2fb37367-df7a-4196-8c59-ac052036dc2e,5,Q175535
4529e955-6a5f-4b0f-8962-65d48dd77afa,2,nm0163748
8ff9b1f5-edc9-47f3-aa3e-2e6f2470b4f5,2,nm0000521
5d63d9cb-39ae-4745-af0f-cf41729e5e1d,2,nm0000648
8700167e-a76b-47e4-aa2d-0d67ac1d52b0,5,Q181490
fd6f055c-6de9-4044-b6eb-3bad3fba5968,2,nm0347656
fd6f055c-6de9-4044-b6eb-3bad3fba5968,5,Q943390
446c65c4-fa1a-471f-a6e7-85a3cea70f76,2,nm0000063
80a3edc0-034a-495d-a125-7d2e5699323f,2,nm0499540
b791cc1b-1cc1-41fe-a2bb-41d0a8de01c3,1,6721
b791cc1b-1cc1-41fe-a2bb-41d0a8de01c3,5,Q232282
8ca8fd66-25e2-40d4-8167-42f8106e7fcd,2,nm0000457
f83b5489-8fe1-4a0d-854c-176d18455020,5,Q873
5112364b-de0a-4c45-a311-eb80b86e1d05,2,nm0237835
695620ef-03a8-44d2-9fa2-966b9eeede41,5,Q260125
695620ef-03a8-44d2-9fa2-966b9eeede41,2,nm0000814
436b9127-6cb4-4e89-ad98-82a98f7e847b,5,Q119798
648d5457-9fd3-45f5-9bc3-34d482b72b9b,1,33161
648d5457-9fd3-45f5-9bc3-34d482b72b9b,2,nm0167388
56e3eaae-0742-450d-8bed-3f1ffeb6b08a,5,Q265232
e05ddb90-2b77-4e65-be76-4f8fbbc54413,2,nm0646943
e05ddb90-2b77-4e65-be76-4f8fbbc54413,1,68209
e3549ff3-722e-4e1f-a2c1-25dec8ec3882,1,73713
e3549ff3-722e-4e1f-a2c1-25dec8ec3882,5,Q3379531
42a016e2-fb7b-4e70-818b-68d36908fabe,1,44556
a6bc20c1-fd68-4fa7-868c-b8128fa3e697,1,34616
a6bc20c1-fd68-4fa7-868c-b8128fa3e697,2,nm0241484
bbfa0fb7-0e06-4a03-a8ab-10869a8e9e5c,2,nm0435299
ee5ca5ed-86e9-4b58-b159-1b11efa273e2,1,82324
26be14f6-e7e5-46a7-bf38-d8614dbdd67b,2,nm0000291
74f66461-7f17-48cb-9c80-e3672813838f,2,nm0814773
41b9a8fb-da7a-4d14-9ca3-e44fc70d3527,1,70165
41b9a8fb-da7a-4d14-9ca3-e44fc70d3527,5,Q1558999
f8869b1b-e42c-439c-abee-2191c8ae185a,2,nm0000514
182a03db-4442-4f53-b804-5d569b13b4a7,1,73827
c391ceba-e6b4-44a5-a38d-47bfd31b08a8,1,4252
85e7a0c6-4d33-4e8d-9669-393055db48d4,5,Q728158
2854d6bf-c7b7-43ec-990c-a8a8c5fa10a9,5,Q43252
004ff0ee-86ac-41c8-83ec-53f9bf63ad4c,1,18779
0c5945fc-5585-4e19-b219-02566c11570a,2,nm0000056
0c5945fc-5585-4e19-b219-02566c11570a,5,Q41871
0c5945fc-5585-4e19-b219-02566c11570a,1,3636
eaf2f2df-36f0-4d6a-ae64-846918cc24e9,1,16927
3ecd6c0c-1d34-440d-8f98-d9c04abb7a12,2,nm0675627
bc666995-1136-4600-8c02-851ea0500d82,2,nm0001618
72925ff0-346f-4f14-bb98-28ca29645685,5,Q103646
d2a66da8-1db1-415d-923e-a9d35bf364aa,2,nm0670964
d2a66da8-1db1-415d-923e-a9d35bf364aa,1,24478
5688f770-c2b7-483d-b4fa-0777c1768612,5,Q448021
8c3aaa6a-5294-4bc8-9d7b-d5389aaa13b3,2,nm0001026
1a8c3841-f68f-4596-a095-0ce2356479ff,2,nm0000809
1a8c3841-f68f-4596-a095-0ce2356479ff,5,Q106303
99d0f7a6-f14e-49eb-993b-4231064bf27c,2,nm0005063
be8dee6e-3639-4769-8db6-140c133aa9fe,1,10401
be8dee6e-3639-4769-8db6-140c133aa9fe,5,Q40064
5b4f64dd-431d-4d6e-aeb7-8a27f0cc3559,5,Q106607
cf966b6d-9211-4f16-a3a4-f26ef14fb1a1,1,1954
4d85f2f4-ee7d-41a2-aadc-0f3d17f6c71f,1,3092
ddcaa0c0-0648-4884-ac2d-be4b565f19e4,5,Q3840847
baa8c24e-2e87-4077-acb1-c76dadf5099e,2,nm0778992
365518ba-b55a-44db-a8f7-51eecc22d9e3,5,Q223830
365518ba-b55a-44db-a8f7-51eecc22d9e3,2,nm0001803
594d657e-95a4-411a-9f04-6d57e2defcc1,2,nm0390458
05021e2a-10f5-479d-9304-48565d139a99,1,20795
1a6fc5cb-8d7c-4bfe-a416-ad9f448e3fb1,2,nm0293509
1a6fc5cb-8d7c-4bfe-a416-ad9f448e3fb1,5,Q309486
ae740fe7-8eea-4f9e-807e-e3d384ca947c,1,30641
ae740fe7-8eea-4f9e-807e-e3d384ca947c,5,Q3047356
421f44a8-e36f-43ec-9dee-9c58a0b9a47a,5,Q105817
aff70142-3df7-427f-8cef-8824d84fe904,5,Q237331
a8dd215c-c756-4adb-81eb-f751680a3b08,2,nm0000201
a8dd215c-c756-4adb-81eb-f751680a3b08,5,Q159778
aff08ad0-c3da-4721-9ad4-c6df6bbe7ff2,1,2047
f6b22f0a-18e8-4e44-bf79-d04c046523a5,1,7906
4b93b1da-b16c-403d-8d48-32b43319b60f,5,Q53680
d0791cf1-298f-40ae-83db-138627c00880,5,Q7815916
d0791cf1-298f-40ae-83db-138627c00880,1,8947
68f0d3b2-8748-4d91-92ef-a5fc02ffc53b,1,62001
dd7031b6-e148-4e26-a533-d1e176131ec2,1,28782
dd7031b6-e148-4e26-a533-d1e176131ec2,5,Q81819
7e94a84f-45f0-480f-a6af-3ab422711f6e,2,nm0000267
7e94a84f-45f0-480f-a6af-3ab422711f6e,5,Q161819
52d13d93-646c-4fc7-a5c4-b140faa16068,2,nm0000314
d0904f9c-d7ec-4312-afed-08d4bf01cd77,2,nm0000545
4e1f8fe5-9e47-48a3-83ba-18771f5dfc13,1,24487
4e1f8fe5-9e47-48a3-83ba-18771f5dfc13,5,Q2966368
54904aee-9be1-4b16-85f8-c750855faeba,2,nm0809938
06081bea-aa87-43fb-bb02-9ab63cab7ee5,1,5606
04fae85f-e44e-4d9f-860c-80656a19126d,1,96930
8e7b80a8-0352-4662-9255-253c748852e3,1,500
9a4c055b-d92e-46ae-b854-e9c16fc01878,2,nm0001604
8ff9b1f5-edc9-47f3-aa3e-2e6f2470b4f5,1,1957
a925e881-98b0-4744-8bf0-57c042029673,5,Q56016
be19aaef-7141-424e-bd95-a2094b054bfa,1,21561
52cff270-2eac-4c01-8dc3-623beaf35ea0,2,nm0001749
413b9f05-c6c9-446b-b5eb-b335db3b56ae,2,nm0564697
bcf44671-c2d5-47a7-91c1-37afb764c162,5,Q170576
a38d8aa9-35ad-4549-8266-58b1b6da861b,5,Q202148
077238b5-336b-4155-a272-9d9e8c41b01d,1,61114
96b6fde8-7cb4-4b10-a35d-8e5643da45f9,2,nm0508293
dd874ec3-cb95-47e7-a94c-4f048f0c8213,5,Q561067
fb21eb15-ef35-4d9f-9462-c624709dfc4e,2,nm0001181
974c11bb-ab89-4e17-8ddc-3d32ce4c88c3,2,nm0000427
32e8e803-a3d0-41ca-a66e-a4a009fca499,5,Q240774
e5bae18d-449e-4101-acca-56bc65c4a3d9,1,5139
6813f1c7-d31d-4ee2-8f41-3deb61b09690,1,11886
6813f1c7-d31d-4ee2-8f41-3deb61b09690,2,nm0005331
6813f1c7-d31d-4ee2-8f41-3deb61b09690,5,Q456966
4da90102-873c-4a8a-b87b-5e1e0a8373d2,1,1219
fe5c9798-495a-4426-bf04-a95db272b10e,1,94939
fe5c9798-495a-4426-bf04-a95db272b10e,2,nm0153457
5a51e7bb-adde-40dd-83ec-b74b2129ded4,5,Q232538
4529e955-6a5f-4b0f-8962-65d48dd77afa,5,Q40067
81c2e74e-9f69-47e4-a3df-184978a6ca24,2,nm0000078
b791cc1b-1cc1-41fe-a2bb-41d0a8de01c3,2,nm0001453
e3549ff3-722e-4e1f-a2c1-25dec8ec3882,2,nm0146431
a6bc20c1-fd68-4fa7-868c-b8128fa3e697,5,Q2161692
d15126b3-d496-4dd8-9a1e-530666a282c8,2,nm0725284
3f79a19b-87d5-41e2-ac59-5a31e43a621a,2,nm0670852
feba9b5f-3b18-490d-b2a8-6994fd20efef,2,nm0727006
feba9b5f-3b18-490d-b2a8-6994fd20efef,1,1029004
d8bfdcc4-e54a-493f-9c22-862e51e08a49,5,Q106514
220422a4-9b17-4195-9021-0ee60fbf19a0,5,Q223281
220422a4-9b17-4195-9021-0ee60fbf19a0,2,nm0001473
65ba723d-a345-48ef-99a6-82cd6469991e,1,27773
65ba723d-a345-48ef-99a6-82cd6469991e,2,nm0000970
65ba723d-a345-48ef-99a6-82cd6469991e,5,Q317539
3dbcecea-99dd-41b0-8588-e89e1bdd792a,1,99062
3dbcecea-99dd-41b0-8588-e89e1bdd792a,2,nm0090041
cf9ed82a-d2a4-4e10-82fd-749715b0bd79,2,nm0827042
cf9ed82a-d2a4-4e10-82fd-749715b0bd79,1,21376
cf9ed82a-d2a4-4e10-82fd-749715b0bd79,5,Q6143566
be8dee6e-3639-4769-8db6-140c133aa9fe,2,nm0001100
34afd134-c905-4863-817c-f7dc5e385dde,1,14501
7ef7ae00-7d2d-424a-85d5-020264f11149,2,nm0443139
7ef7ae00-7d2d-424a-85d5-020264f11149,1,57236
acf86225-0812-4aa3-a0ec-1509f8064bb5,2,nm0553402
acf86225-0812-4aa3-a0ec-1509f8064bb5,1,63895
acf86225-0812-4aa3-a0ec-1509f8064bb5,5,Q288157
a99b4588-483e-48ec-b909-b01962749e71,1,13310
a99b4588-483e-48ec-b909-b01962749e71,2,nm0700072
a99b4588-483e-48ec-b909-b01962749e71,5,Q3568316
f8283364-f0fb-4600-9dfe-c209709edc7e,5,Q1394721
f8283364-f0fb-4600-9dfe-c209709edc7e,1,239231
f8283364-f0fb-4600-9dfe-c209709edc7e,2,nm0706926
3f642b13-4ae2-483d-95c9-4ba2d0759875,1,16108
3f642b13-4ae2-483d-95c9-4ba2d0759875,5,Q267175
3f642b13-4ae2-483d-95c9-4ba2d0759875,2,nm0580886
d220cf10-c165-448b-ad71-cba15475c243,2,nm0218225
d220cf10-c165-448b-ad71-cba15475c243,1,564273
d220cf10-c165-448b-ad71-cba15475c243,5,Q529190
bbe9b32d-7e7f-4c22-9ec6-a5ddbf97bc34,1,543929
bbe9b32d-7e7f-4c22-9ec6-a5ddbf97bc34,2,nm0693814
c9155586-acc8-4dc9-b1f9-171d8a96b31f,1,819
c9155586-acc8-4dc9-b1f9-171d8a96b31f,5,Q125904
c9155586-acc8-4dc9-b1f9-171d8a96b31f,2,nm0001570
24bbcb0b-a79c-4e6e-866b-67b46787d39c,2,nm0318522
24bbcb0b-a79c-4e6e-866b-67b46787d39c,1,123711
2a6c8bbd-304d-4201-a977-0ae2243aff05,1,37626
1c087b89-1d64-4072-a1e8-6a2d39cbaf15,1,24629
a925e881-98b0-4744-8bf0-57c042029673,1,6598
a925e881-98b0-4744-8bf0-57c042029673,2,nm0000031
2a6c8bbd-304d-4201-a977-0ae2243aff05,5,Q106709
b243eb24-1b83-4293-b819-0f3988f40565,5,Q607678
d247621e-d5c0-4918-8990-09a45f8fa613,2,nm0000118
d247621e-d5c0-4918-8990-09a45f8fa613,1,11770
47483fae-2229-4cca-835b-e1b69bf54c87,5,Q210447
d1b5eea4-2394-4136-b5f4-6ebc6869f299,5,Q193278
f03d0347-f50b-40e8-a54e-6d4150cf66a1,5,Q353978
322fb6b8-6a74-4b09-8ef1-4c9671ad255c,2,nm0853449
603c3e5b-e5dc-4849-b507-ffcf29625478,1,8654
ec70b59b-2b49-4122-97a7-e1598b95500f,2,nm0000121
03621737-f802-440d-a8cf-db3959caf6ef,1,72129
54904aee-9be1-4b16-85f8-c750855faeba,5,Q233313
54904aee-9be1-4b16-85f8-c750855faeba,1,2138
83a7b2a9-e15f-4832-9c50-1f8f98076323,2,nm0000093
e196b96c-5686-4cd0-8318-1a91244381c0,2,nm0000829
cfbc0a1a-6f79-4d89-9412-6de889a7dd84,5,Q105221
b710c712-f26e-48e7-8655-4bc98009cceb,2,nm0001097
8f04e6c9-6f9b-47f6-bfb1-10e0bbc718ab,1,73714
21486d08-26e3-46a5-8a57-1ac0235ff41a,2,nm0000323
ea853bcb-5133-40e4-9269-735d810c84b2,2,nm0000133
e1f8ec93-48cd-432f-b645-9c4bc6f8f419,5,Q129092
e713859f-af45-4aa5-941f-2cd359491f1c,2,nm0000343
f959123b-cf39-4894-8212-c30eb613b117,5,Q1336685
fdec0e3f-a9a4-43a7-9a9d-a7b7cd1becea,5,Q163286
7b146021-19b2-4956-97e9-fd6177845678,5,Q81328
7b146021-19b2-4956-97e9-fd6177845678,2,nm0000148
d43f9fda-6e7f-4b07-ac54-056a330411d0,2,nm0000187
87532874-6c1c-4fc3-95fa-9a7d9dac7591,1,21876
01908524-66f5-44da-9db2-e560b6b620c1,5,Q483907
bbad8dff-5362-43d2-9fa0-dd29dd9ad2fd,1,3416
077238b5-336b-4155-a272-9d9e8c41b01d,2,nm0005532
077238b5-336b-4155-a272-9d9e8c41b01d,5,Q229979
c31959cd-ddef-4820-a26f-05bd58dda950,5,Q3168621
dd874ec3-cb95-47e7-a94c-4f048f0c8213,1,7073
dd874ec3-cb95-47e7-a94c-4f048f0c8213,2,nm0077720
6ea399a3-4dc1-4a1f-8d92-cf979d78f196,5,Q212518
4da90102-873c-4a8a-b87b-5e1e0a8373d2,5,Q259703
9a4c055b-d92e-46ae-b854-e9c16fc01878,1,19456
81c2e74e-9f69-47e4-a3df-184978a6ca24,1,4165
81c2e74e-9f69-47e4-a3df-184978a6ca24,5,Q40531
80a3edc0-034a-495d-a125-7d2e5699323f,1,35900
3f79a19b-87d5-41e2-ac59-5a31e43a621a,1,115888
220422a4-9b17-4195-9021-0ee60fbf19a0,1,350
34afd134-c905-4863-817c-f7dc5e385dde,2,nm0001811
34afd134-c905-4863-817c-f7dc5e385dde,5,Q55796
2fb37367-df7a-4196-8c59-ac052036dc2e,1,1892
c2ead2b6-4e89-422f-9cea-54d4af804efd,2,nm0000758
e423bdfa-29e9-45e0-a450-f40b263be31d,2,nm0035925
07c25eda-0fe2-4b95-a410-7df73b7adfbd,5,Q2263
d8c3173b-4a70-41ec-9047-d330eb0c6359,1,69751
648d5457-9fd3-45f5-9bc3-34d482b72b9b,5,Q600051
56cb06f7-5d07-4022-a787-86b747df618b,5,Q319799
3f79a19b-87d5-41e2-ac59-5a31e43a621a,5,Q6558332
f1cb9ad0-ab39-4516-96e5-87b4ef3fa0b1,2,nm0702841
266d3ee8-6d1e-4ac4-8bcc-1bc315117720,5,Q266458
86a9814b-3cdc-4ae5-8030-7330503c4981,5,Q623436
85c067fc-8fb7-4d91-8138-5b602ba7955e,1,27578
aff08ad0-c3da-4721-9ad4-c6df6bbe7ff2,2,nm0000418
3ef5cf63-9377-4474-ac8f-cfa6320c4523,2,nm0000210
4529e955-6a5f-4b0f-8962-65d48dd77afa,1,12407
ba923f08-b5a2-4f3d-b5f2-84a00b4e415a,2,nm0634159
b55b1525-2cbe-4723-bc8a-6a00ebf5c7dc,2,nm0955471
ee45c033-a2c5-4336-adaf-25b392fccb19,1,2090
c391ceba-e6b4-44a5-a38d-47bfd31b08a8,2,nm0001724
731f8970-90cc-4173-ab8c-6a0d91453014,2,nm0004365
8337175e-8fb7-4122-8be3-b20c68e778cb,2,nm0000124
86a9814b-3cdc-4ae5-8030-7330503c4981,1,150903
3ef5cf63-9377-4474-ac8f-cfa6320c4523,5,Q40523
6ff408bb-d4a1-47a4-93af-2ae3e1ea9765,5,Q599249
8597f1c2-138a-49f0-900e-6fc5fcf077d4,5,Q329613
622fcab8-4c5f-496e-abb8-4e76b8670e5a,1,194
6fe94357-6e04-4f94-a6a9-1cabc2cc1ee6,5,Q198638
74f66461-7f17-48cb-9c80-e3672813838f,1,45982
b99389a9-a8aa-4242-8824-94fec54fe335,1,7036
5843e2c2-a1b8-40a9-b95f-75b6d7544de6,5,Q449900
6f031496-4c0c-420f-b3d8-675344b42b40,1,1271
30c3d68a-c742-4b20-924c-5fc00bc3d96f,5,Q434312
dd7031b6-e148-4e26-a533-d1e176131ec2,2,nm0000899
fafa15e0-5cc0-49da-84c2-608d11fb6d27,2,nm0000150
ea4dc8b8-ca26-4ca9-8d88-4745933a6272,5,Q272977
a857cb3e-dff3-4c50-b100-9e7e03911cf9,2,nm0439466
6eb9c9d1-252f-4a34-9bcf-d76670fc64c7,2,nm0000039
2c685f65-5ee4-4897-9c90-1a430e0452c9,5,Q170574
706ae11c-1c62-4e6b-a864-b1cfb69822a8,5,Q310692
fa0078ef-fe0c-46ea-ad84-d5b527494f74,2,nm0000213
266d3ee8-6d1e-4ac4-8bcc-1bc315117720,1,29509
8abe9514-a2ca-424f-b952-b9edc29fcd41,2,nm0273828
46c31ee2-f27f-4049-95d4-e3bf625ec924,1,921
92426e8c-25a6-4b4b-9670-9ed0d8885ae1,1,7447
de8ea83b-876a-496d-98f9-68df5aaedebb,5,Q361215
0f9fb46b-fed1-45a4-9d44-e3b1e30b5623,1,6450
d15126b3-d496-4dd8-9a1e-530666a282c8,1,18259
6eb9c9d1-252f-4a34-9bcf-d76670fc64c7,1,20141
201070c7-78f4-4f32-b036-5d01bf421c8e,2,nm0940362
589f251b-23c1-4013-88ef-7d42a15cd92c,2,nm0002069
190468ed-8052-4548-83ac-6da758db39c9,1,3910
6601846e-00a1-4d2c-ba44-67895feef8cd,1,1062
30c3d68a-c742-4b20-924c-5fc00bc3d96f,1,8946
6cadc5b7-d439-4994-8927-39602a6e720b,2,nm0000155
b55b1525-2cbe-4723-bc8a-6a00ebf5c7dc,1,1339
29eb95b5-5be3-40db-82dd-bc9fb166d62e,2,nm0001293
13c26591-04f4-4835-a594-d1ce55e80a50,1,15397
2c685f65-5ee4-4897-9c90-1a430e0452c9,2,nm0000166
34fd6901-e3ef-4d14-a6c7-d28c82ca8b65,2,nm0898571
3ec35293-78a6-4315-a3ba-fb1a3081573a,2,nm0004778
0f28abed-ea87-4ebc-830c-31f975f34227,5,Q190631
1ed2494d-6afa-494c-b3df-c84ca5ba8db8,1,39143
74f66461-7f17-48cb-9c80-e3672813838f,5,Q50003
c9239136-f8e1-4d4d-8dd9-59970bb6c23a,5,Q1375852
edffc687-a2d7-464c-9210-21eb3f76363a,2,nm0762445
1a6fc5cb-8d7c-4bfe-a416-ad9f448e3fb1,1,7060
5247aa20-d4d7-412e-baac-81044619f7ef,1,21462
20470404-2215-409e-b634-376796688998,5,Q167520
0f28abed-ea87-4ebc-830c-31f975f34227,2,nm0000541
d70a44bc-01cb-4166-864a-3cc3c303ccf9,2,nm0001021
6eb9c9d1-252f-4a34-9bcf-d76670fc64c7,5,Q104146
bc896153-1edb-43b1-b285-07d983806818,1,1076406
3b3ad9d6-5575-469f-9b92-f63215ba6197,1,53203
718c173c-fe3e-41a6-8035-a9c8e22d0d1a,2,nm0053519
1daf693b-6969-4269-a9e7-16b8f4933ffe,1,39350
d3e31373-9988-48b9-8be7-c24ca6e9464f,5,Q223985
6c419645-064b-4ca5-aef0-9210c5831488,2,nm0000110
cc34b908-947c-499d-a95b-74a87436d2e0,2,nm0000631
fd50f021-3977-43f3-a78e-4b033eeec7c3,5,Q3369284
731f8970-90cc-4173-ab8c-6a0d91453014,5,Q1452569
40dad717-5fd0-427e-99dc-e07deeeb5be2,5,Q193070
1c087b89-1d64-4072-a1e8-6a2d39cbaf15,2,nm0301556
52cff270-2eac-4c01-8dc3-623beaf35ea0,1,10978
03621737-f802-440d-a8cf-db3959caf6ef,2,nm2225369
2fde32d6-3e8b-48ac-96ba-80056449cbbe,2,nm0000328
01908524-66f5-44da-9db2-e560b6b620c1,2,nm0085312
01908524-66f5-44da-9db2-e560b6b620c1,1,70851
c3c06317-cbc4-4252-b304-0e80c7ad6cbc,1,21352
c3c06317-cbc4-4252-b304-0e80c7ad6cbc,2,nm0004691
c3c06317-cbc4-4252-b304-0e80c7ad6cbc,5,Q11617
28938581-a315-4bbf-901c-568ce241b5f0,2,nm0496746
c31959cd-ddef-4820-a26f-05bd58dda950,2,nm0610989
7c4af3f3-11e4-4b7c-be85-e6b228ffe437,1,10297
147db1a9-d8bf-4157-809c-3dd886b90641,5,Q103784
c3035034-4b8a-4ae6-b134-303810d2c84f,5,Q489856
8597f1c2-138a-49f0-900e-6fc5fcf077d4,2,nm0384050
0530881e-bdb6-4514-8f34-d31eaab93f3c,2,nm0001009
d42316a0-cb88-4fcd-863c-f2c2127f04d6,2,nm0000114
4cff1705-f3d7-4117-a214-bc538377328e,2,nm0531529
56cb06f7-5d07-4022-a787-86b747df618b,1,3203
9eac8bad-c998-4e3f-9821-f2ce6c1a7053,5,Q234201
8514437d-7d34-4127-b3c8-acbc25166476,1,18702
adfaeeca-57af-4399-9d7a-b277a0b7dc94,5,Q41396
7621214a-3461-4d5f-bf72-6b4aaeb9e849,5,Q542003
7621214a-3461-4d5f-bf72-6b4aaeb9e849,2,nm0324875
d101e63b-7790-43f8-86ff-8e65e58cc56c,5,Q314290
05021e2a-10f5-479d-9304-48565d139a99,5,Q739521
997cba12-b9a5-4cf7-8de8-b05326e8e25e,2,nm0265457
48d1e194-7ffa-4a2c-95b1-03f4909ef8c1,2,nm0000442
9adc060e-7c0c-4129-b834-423ca735565a,1,18686
4b93b1da-b16c-403d-8d48-32b43319b60f,1,8447
5ff0dcbc-dd57-4248-8400-0f733bfc07f7,2,nm0239498
4e1f8fe5-9e47-48a3-83ba-18771f5dfc13,2,nm0539022
1f51438b-a0d1-40be-96e8-4cb2be47ebf5,1,24421
1f51438b-a0d1-40be-96e8-4cb2be47ebf5,2,nm0734000
1f51438b-a0d1-40be-96e8-4cb2be47ebf5,5,Q106555
a2c8c647-37af-414f-b9ed-b7110ee51eb5,1,47829
a2c8c647-37af-414f-b9ed-b7110ee51eb5,2,nm0783879
f9a00c37-40e6-4a27-bdae-f3e0a4ff82ab,1,2744
f9a00c37-40e6-4a27-bdae-f3e0a4ff82ab,2,nm0560962
f9a00c37-40e6-4a27-bdae-f3e0a4ff82ab,5,Q234807
2583ed55-f351-4a66-a55d-c452fc20b923,1,2203
2583ed55-f351-4a66-a55d-c452fc20b923,5,Q445125
2583ed55-f351-4a66-a55d-c452fc20b923,2,nm0568180
725811e2-de20-4241-b231-df433dbebc89,1,48
725811e2-de20-4241-b231-df433dbebc89,5,Q191104
725811e2-de20-4241-b231-df433dbebc89,2,nm0000293
787acc61-3edf-4457-aa0f-3aed8296f185,1,4512
787acc61-3edf-4457-aa0f-3aed8296f185,5,Q193105
787acc61-3edf-4457-aa0f-3aed8296f185,2,nm0000249
d83dae62-1511-40b3-850e-fe164233a157,2,nm0000690
d83dae62-1511-40b3-850e-fe164233a157,5,Q237214
d83dae62-1511-40b3-850e-fe164233a157,1,21818
0139b25e-5e0a-4e22-b64b-2c3c76077801,2,nm2946516
0139b25e-5e0a-4e22-b64b-2c3c76077801,5,Q258999
0139b25e-5e0a-4e22-b64b-2c3c76077801,1,120932
32edec74-d1fc-48d0-b954-fc8302aa7a3b,1,101908
32edec74-d1fc-48d0-b954-fc8302aa7a3b,5,Q1306100
32edec74-d1fc-48d0-b954-fc8302aa7a3b,2,nm0001028
db7e4aca-fe37-47be-b5bb-dbfd9386fc8c,1,13240
db7e4aca-fe37-47be-b5bb-dbfd9386fc8c,5,Q164119
db7e4aca-fe37-47be-b5bb-dbfd9386fc8c,2,nm0000242
32526788-81a2-45a2-8e58-279e709c90f2,5,Q44063
32526788-81a2-45a2-8e58-279e709c90f2,2,nm0000702
32526788-81a2-45a2-8e58-279e709c90f2,1,368
