film_id,societe_id
da9120a9-5384-4692-8032-b7297dcf0250,966ef8c6-55f1-49c9-bea9-fb73f1a480e4
695fb599-9b9f-481e-9f62-ce52dddf918c,966ef8c6-55f1-49c9-bea9-fb73f1a480e4
fb855bea-eec0-4204-be37-7986abaf6887,966ef8c6-55f1-49c9-bea9-fb73f1a480e4
bda4765b-36ed-4693-b2af-e3d2ecec462b,966ef8c6-55f1-49c9-bea9-fb73f1a480e4
9b4a8296-c6fe-40c6-b1c5-9807b2004976,966ef8c6-55f1-49c9-bea9-fb73f1a480e4
1a824fa6-2716-4362-b09a-308fac8ff3fa,966ef8c6-55f1-49c9-bea9-fb73f1a480e4
8a121e62-10bc-4dfd-a741-7dd440c467de,966ef8c6-55f1-49c9-bea9-fb73f1a480e4
4e7872c0-5351-471d-b26f-27a6f90fdfed,966ef8c6-55f1-49c9-bea9-fb73f1a480e4
0159b5a8-6005-48df-8193-4a33c3f3f07a,26aebfa2-588f-49fd-bc19-b16491666045
84ed3f64-88ea-4e96-a670-0f3095ececf2,10927eba-da18-436c-9b9b-383b53b5891a
62e09e32-730a-4618-a00d-7251340fe6de,b9237092-ee19-4422-8961-bf1f36d01c32
33a71b7d-8fd2-468a-9cc6-76b5eaeefad9,ee0c3856-7e15-4ec3-9e33-acd6d8629d61
6e6f8c8f-2a53-4976-ac9c-0af088598bb2,419c6b00-54ae-4bec-bdef-54ebde361b39
838660f3-88d4-47d5-8503-de40dcee98ac,b9237092-ee19-4422-8961-bf1f36d01c32
09a46216-8692-4891-a660-270766434be5,10927eba-da18-436c-9b9b-383b53b5891a
ce6ff58a-eeb1-450f-a211-27061c8cb797,b9237092-ee19-4422-8961-bf1f36d01c32
f4a74ee8-dee1-40b4-9701-a5dbc4a708c8,b9237092-ee19-4422-8961-bf1f36d01c32
0164b5c5-f399-4302-858a-27cf859649cd,4ef709c1-c9c9-4de7-8992-8c65470ebb48
0164b5c5-f399-4302-858a-27cf859649cd,630ed54a-3b70-4ecd-afbf-2338ddbdf733
c20fa6a1-e746-4daa-9328-b6147d9cf2c2,343f663d-72a4-490f-8f1e-fe0712c4a26c
b3e7519c-3dc0-4adb-934f-27ff81d4f3a8,b70f091b-12f2-4c13-9163-762e321c1776
5cd8aeea-a1a3-445f-956b-d83d76f29ccc,4ef709c1-c9c9-4de7-8992-8c65470ebb48
73ba754c-c5aa-4df9-9ca2-7f4d87f73cfe,419c6b00-54ae-4bec-bdef-54ebde361b39
384e6083-8c63-4f37-bf8b-9bd6f32eb129,4ef709c1-c9c9-4de7-8992-8c65470ebb48
73ded726-63ba-44f2-9f49-a17ddb85182d,b9237092-ee19-4422-8961-bf1f36d01c32
02c096ca-5ffc-4312-aa5f-06f56fa9d78c,343f663d-72a4-490f-8f1e-fe0712c4a26c
100110e9-eba4-4fe0-8f3e-2d94403cf624,10927eba-da18-436c-9b9b-383b53b5891a
c76ae65b-8806-472b-ba53-dc2e8a410de5,10927eba-da18-436c-9b9b-383b53b5891a
8423d504-a868-49bd-ad8e-6b8fa1d38297,419c6b00-54ae-4bec-bdef-54ebde361b39
8360dd9f-bf78-428d-8e26-82179778fd96,8b1c12a3-6f44-4a2e-a71b-62a01349693f
2cce685a-546e-49c0-851a-866afec66733,419c6b00-54ae-4bec-bdef-54ebde361b39
10952e4b-be34-472b-a574-83213f6445c3,b9237092-ee19-4422-8961-bf1f36d01c32
189cd178-5951-4203-abaf-136b24bf9529,8b1c12a3-6f44-4a2e-a71b-62a01349693f
b3d4c686-9b90-4407-8274-eee541b7f465,10927eba-da18-436c-9b9b-383b53b5891a
6d4decac-4b66-46b1-8ca0-665cd1cca476,419c6b00-54ae-4bec-bdef-54ebde361b39
7b0d7d48-f569-4499-9680-6055c2d535be,10927eba-da18-436c-9b9b-383b53b5891a
739f9d90-3d2d-470f-ac31-be3207094d8f,419c6b00-54ae-4bec-bdef-54ebde361b39
d050276d-ce01-4af4-a7a3-be287ae17fab,419c6b00-54ae-4bec-bdef-54ebde361b39
45a2170c-8a7d-4602-a3a1-01a76f00b0a4,b9237092-ee19-4422-8961-bf1f36d01c32
18fd44b7-5b5a-4b9c-9770-e7bbb76c6f29,343f663d-72a4-490f-8f1e-fe0712c4a26c
b3748c6e-684e-40d2-9515-74b520d357a4,343f663d-72a4-490f-8f1e-fe0712c4a26c
cc3400c4-683f-4545-abaa-e323f44f9d71,b9237092-ee19-4422-8961-bf1f36d01c32
92471016-8027-42f3-9e11-4640337fbaa2,8136e5ae-0555-44b9-b0df-01c677414b5f
2f85fdbe-12a2-44cf-917a-42431fd43e75,343f663d-72a4-490f-8f1e-fe0712c4a26c
42f44af7-82e9-46aa-a9da-1a015bc80464,419c6b00-54ae-4bec-bdef-54ebde361b39
bca9d452-44d5-4720-b463-9ba6686ffcdd,4ef709c1-c9c9-4de7-8992-8c65470ebb48
1d3426d5-7879-4284-b1ce-e62433bea41a,419c6b00-54ae-4bec-bdef-54ebde361b39
5476f3ee-8581-4785-9da0-93e8d8de5d57,b9237092-ee19-4422-8961-bf1f36d01c32
b9913040-e911-480f-8e7f-6894d5770c8f,ee0c3856-7e15-4ec3-9e33-acd6d8629d61
8e64d07b-c607-4172-bb56-3c7074d39fb0,343f663d-72a4-490f-8f1e-fe0712c4a26c
25012235-1cca-477f-864d-183b93abc443,10927eba-da18-436c-9b9b-383b53b5891a
a290f892-52d0-4d55-a0ec-84c70e3471a9,10927eba-da18-436c-9b9b-383b53b5891a
2757aa3a-c677-4f9a-9fb4-9dc5d937a815,b9237092-ee19-4422-8961-bf1f36d01c32
731ec75a-21e9-4398-8ec6-6a893b3c5d75,7a373491-95ac-4981-b7a8-00c3e0a6bdc4
1b94ed76-ad63-46ea-94a9-f8a4b1d1be53,419c6b00-54ae-4bec-bdef-54ebde361b39
8214af15-1bc1-4d8d-a9cb-3a92bd1fc898,b9237092-ee19-4422-8961-bf1f36d01c32
16c71f09-0087-4a0e-a21d-0318be56f0f6,419c6b00-54ae-4bec-bdef-54ebde361b39
1d76513c-0186-442f-90fb-1a568b4dacef,419c6b00-54ae-4bec-bdef-54ebde361b39
263cb6e8-ea5d-42b8-95e3-31076fef2dea,419c6b00-54ae-4bec-bdef-54ebde361b39
2103ebe7-9a6e-4ae3-8b99-bcf890e759df,b9237092-ee19-4422-8961-bf1f36d01c32
c69e6abd-3ba8-49c6-9ab6-de98960e0b6a,343f663d-72a4-490f-8f1e-fe0712c4a26c
db728c8e-6ad4-47f3-83c3-73107d9d3003,ee0c3856-7e15-4ec3-9e33-acd6d8629d61
3fab2bfb-6286-4562-bd46-7f293b505844,10927eba-da18-436c-9b9b-383b53b5891a
05abb0d1-5cb5-4362-9761-d1ba6a56a6ed,ee0c3856-7e15-4ec3-9e33-acd6d8629d61
70d6eca6-edb9-4593-af95-c318f4cb99ce,10927eba-da18-436c-9b9b-383b53b5891a
0b8ff4ca-e411-4a8d-af18-4b277d6d3fb2,966ef8c6-55f1-49c9-bea9-fb73f1a480e4
b6be8658-68d5-468d-96b0-e0b52e50668b,4ef709c1-c9c9-4de7-8992-8c65470ebb48
e3c27f9d-30e0-4acd-803a-03578a756593,ee0c3856-7e15-4ec3-9e33-acd6d8629d61
15e28b88-dbb5-47d2-af6b-ce96d0aa5f6b,343f663d-72a4-490f-8f1e-fe0712c4a26c
d395a29d-d608-4d7a-9138-b1337087962b,10927eba-da18-436c-9b9b-383b53b5891a
7145bc1b-05f9-48c2-801e-99d4d925a041,419c6b00-54ae-4bec-bdef-54ebde361b39
d8e7cf59-87c4-425d-a47f-7074547b1a5f,4ef709c1-c9c9-4de7-8992-8c65470ebb48
42b480a9-1ed2-4a71-a99d-2d34f25af5ba,b9237092-ee19-4422-8961-bf1f36d01c32
db3f65f6-3964-44dc-a540-db453108d357,419c6b00-54ae-4bec-bdef-54ebde361b39
bbdc9611-f4fb-4fba-aaf4-2ffdee07996a,10927eba-da18-436c-9b9b-383b53b5891a
80c56c40-2586-4e84-a739-d3f5a47100cc,343f663d-72a4-490f-8f1e-fe0712c4a26c
387a6920-3a76-429e-b786-ed42cf3d171e,4ef709c1-c9c9-4de7-8992-8c65470ebb48
47fd3c5e-f64d-46e0-841d-6dec6e2ac201,343f663d-72a4-490f-8f1e-fe0712c4a26c
53c4983a-9bac-4df6-82e6-d73d77784c06,ee0c3856-7e15-4ec3-9e33-acd6d8629d61
88d667aa-e90e-4886-8ef0-2b840bcbf514,10927eba-da18-436c-9b9b-383b53b5891a
4c275261-7078-4df8-bc1f-ecec5c1b2f0a,7a373491-95ac-4981-b7a8-00c3e0a6bdc4
357d0c16-f76b-4202-baaa-d5d096d44418,7a373491-95ac-4981-b7a8-00c3e0a6bdc4
d0f364a6-72fb-4609-872f-baa112cd854e,7a373491-95ac-4981-b7a8-00c3e0a6bdc4
fed1bcbe-4057-4bf7-8c10-03758168baf2,4ef709c1-c9c9-4de7-8992-8c65470ebb48
00a13838-0f0f-4e1d-8577-1263ce997ce4,4ef709c1-c9c9-4de7-8992-8c65470ebb48
32bfb60b-f7d4-4fef-ad96-9b95fe7e1316,7a373491-95ac-4981-b7a8-00c3e0a6bdc4
13febb57-baec-4d5a-a29b-797650b9fb76,10927eba-da18-436c-9b9b-383b53b5891a
3081802c-e3d5-4e55-91c2-9296c2a38184,b9237092-ee19-4422-8961-bf1f36d01c32
a7fedd07-5bb4-4081-a519-777ffc21d756,b9237092-ee19-4422-8961-bf1f36d01c32
ed893b29-c0f4-45cd-b0af-2544a4da511a,7a373491-95ac-4981-b7a8-00c3e0a6bdc4
a38d9fea-e9e2-4b58-aace-8c2329734644,7a373491-95ac-4981-b7a8-00c3e0a6bdc4
e78d8210-6c01-4ac5-9260-5d782ee01e1e,4ef709c1-c9c9-4de7-8992-8c65470ebb48
d421208a-0086-4df0-9cbe-9bd3f09865c9,b9237092-ee19-4422-8961-bf1f36d01c32
2d5d54d4-5c35-4579-bc95-c29519130fa0,343f663d-72a4-490f-8f1e-fe0712c4a26c
2d161238-ff0a-4beb-a519-6ff08711f8cf,4ef709c1-c9c9-4de7-8992-8c65470ebb48
e38b3744-f845-49ec-b122-217208fb9f0b,7a373491-95ac-4981-b7a8-00c3e0a6bdc4
72266abe-5dba-40af-a967-188452b7f3b5,10927eba-da18-436c-9b9b-383b53b5891a
bb9a82bd-a3fe-423e-8393-c4adaa0c213f,4ef709c1-c9c9-4de7-8992-8c65470ebb48
fceba032-705b-45f5-b81b-69077c6253ee,10927eba-da18-436c-9b9b-383b53b5891a
2d507451-8619-49de-980c-547588be5cd1,b9237092-ee19-4422-8961-bf1f36d01c32
14762933-acc3-4d2a-8131-a5d3cf97e8e4,ee0c3856-7e15-4ec3-9e33-acd6d8629d61
8ee695fb-790f-4673-8c3b-b9cb234485ef,26aebfa2-588f-49fd-bc19-b16491666045
c6864498-cb48-4084-92da-c72dcac1412f,4ef709c1-c9c9-4de7-8992-8c65470ebb48
35cb7c48-e8be-4c7f-89bb-0f82d9400ccc,b9237092-ee19-4422-8961-bf1f36d01c32
f3453eab-dc0c-4b06-8dab-08b42a0f1b84,10927eba-da18-436c-9b9b-383b53b5891a
1c341d63-a67e-4d50-ad51-fa72ee49c7b0,b9237092-ee19-4422-8961-bf1f36d01c32
db4fbe3e-b2bb-4464-b1c6-069f31f1ea34,26aebfa2-588f-49fd-bc19-b16491666045
1800974b-bb4b-422f-83b7-b8136549794d,7a373491-95ac-4981-b7a8-00c3e0a6bdc4
8a34feea-3da8-4bfa-9c60-6f5b90c8a1bc,419c6b00-54ae-4bec-bdef-54ebde361b39
a7a90aba-ef82-4cb9-81c3-e92993b293d0,4ef709c1-c9c9-4de7-8992-8c65470ebb48
a7a90aba-ef82-4cb9-81c3-e92993b293d0,419c6b00-54ae-4bec-bdef-54ebde361b39
3cc31958-dcfa-4b1c-bcea-370175324d3a,343f663d-72a4-490f-8f1e-fe0712c4a26c
61d9aca2-e15c-4981-a431-4f6a5d449b7b,10927eba-da18-436c-9b9b-383b53b5891a
6d9bdb07-c5c0-4c3b-98b6-aa6916a9a704,4ef709c1-c9c9-4de7-8992-8c65470ebb48
05f440f3-8cc0-4913-a582-c106ed3b7ddb,26aebfa2-588f-49fd-bc19-b16491666045
b35feee2-de5e-461f-a61d-1334fd464bdb,b9237092-ee19-4422-8961-bf1f36d01c32
b35feee2-de5e-461f-a61d-1334fd464bdb,10927eba-da18-436c-9b9b-383b53b5891a
12f4fc21-adc7-410b-8ac9-50f671844240,4ef709c1-c9c9-4de7-8992-8c65470ebb48
4d76ec36-7b68-4e1f-8bd4-c6a96697d853,4ef709c1-c9c9-4de7-8992-8c65470ebb48
c84e56bb-c90d-43e1-9b2b-3cde759e1bad,10927eba-da18-436c-9b9b-383b53b5891a
ea3414e4-ec7a-401d-8430-094b0171fe58,8b1c12a3-6f44-4a2e-a71b-62a01349693f
787e93a4-4987-49f0-86e5-cc3e4fd1d65c,419c6b00-54ae-4bec-bdef-54ebde361b39
1be3b9c7-4c36-471a-9707-7cd20377c9ea,10927eba-da18-436c-9b9b-383b53b5891a
c7a419d2-af4a-4a81-8734-3540cb065d9d,b9237092-ee19-4422-8961-bf1f36d01c32
0170e25a-37c1-4162-8fbd-17c8b694e267,343f663d-72a4-490f-8f1e-fe0712c4a26c
cc64300c-8140-44cf-b1dc-b1fb5b4dd4fa,343f663d-72a4-490f-8f1e-fe0712c4a26c
0e245d7d-4f85-42b0-8810-36e8933d693b,343f663d-72a4-490f-8f1e-fe0712c4a26c
09372446-bb6a-4b3d-82f5-95f7e2a958a2,4ef709c1-c9c9-4de7-8992-8c65470ebb48
4fbcc3c8-d5cd-481d-8768-71d403cfae3b,343f663d-72a4-490f-8f1e-fe0712c4a26c
32a0688e-fd48-4429-86c7-2eb77ec82917,b9237092-ee19-4422-8961-bf1f36d01c32
c289838e-40b5-4a12-938d-a0e8c08df3c2,343f663d-72a4-490f-8f1e-fe0712c4a26c
9f346bcc-7011-4ac8-ac78-8b9a136f1bfc,4ef709c1-c9c9-4de7-8992-8c65470ebb48
2c24fe5f-8e16-45c0-9f68-3a1340345ab7,8b1c12a3-6f44-4a2e-a71b-62a01349693f
96cb8ea6-1d8f-4d18-8371-8c6ff7727001,b9237092-ee19-4422-8961-bf1f36d01c32
0dacccc5-7809-42cc-a4f2-22686b723b2c,4ef709c1-c9c9-4de7-8992-8c65470ebb48
193ad47e-6665-4146-a253-90fe5590a25e,4ef709c1-c9c9-4de7-8992-8c65470ebb48
5df08166-54af-435f-b299-52a0c616e9c0,343f663d-72a4-490f-8f1e-fe0712c4a26c
597293e4-fff7-4f03-a433-ef633fbb5fa5,419c6b00-54ae-4bec-bdef-54ebde361b39
b6ec18a7-4da6-4aa7-aaa7-e8e971e9e892,26aebfa2-588f-49fd-bc19-b16491666045
b4ff10c2-a9ce-49a9-b8cb-717b328e2b83,ee0c3856-7e15-4ec3-9e33-acd6d8629d61
7da737c2-e4a7-4a3f-bf85-a8d907e74081,b9237092-ee19-4422-8961-bf1f36d01c32
7306d777-cc64-4773-9ce5-e99b4c769abc,966ef8c6-55f1-49c9-bea9-fb73f1a480e4
3b3af8a6-a0b7-46b3-ae3c-110a7d85cdf0,b9237092-ee19-4422-8961-bf1f36d01c32
8309e00e-76ed-4402-a6ff-fdc24f825506,8b1c12a3-6f44-4a2e-a71b-62a01349693f
b86408d5-2c5e-42ff-b71f-1f0f816b6dc7,10927eba-da18-436c-9b9b-383b53b5891a
7306d777-cc64-4773-9ce5-e99b4c769abc,10927eba-da18-436c-9b9b-383b53b5891a
f0447186-0b29-4415-908d-1df09b50a6f4,ee0c3856-7e15-4ec3-9e33-acd6d8629d61
8309e00e-76ed-4402-a6ff-fdc24f825506,343f663d-72a4-490f-8f1e-fe0712c4a26c
e82d5a88-0193-4938-be27-1aecfdb76cfb,8b1c12a3-6f44-4a2e-a71b-62a01349693f
b070442b-ddf9-4f55-9995-eb3b71a15b54,343f663d-72a4-490f-8f1e-fe0712c4a26c
f60219b6-9e92-4f19-8497-6d30824316cd,ee0c3856-7e15-4ec3-9e33-acd6d8629d61
9ceaf448-2e04-494e-9f2b-10515dc90351,343f663d-72a4-490f-8f1e-fe0712c4a26c
031a2d46-b107-4479-bae6-047b0c8b0468,8b1c12a3-6f44-4a2e-a71b-62a01349693f
a55d16ea-c505-4235-8e28-a845c200c4a7,10927eba-da18-436c-9b9b-383b53b5891a
d997dd56-760b-450f-b683-74c61e7860e8,10927eba-da18-436c-9b9b-383b53b5891a
2f179d29-3ffe-4e7b-864e-785a13a12663,26aebfa2-588f-49fd-bc19-b16491666045
ec5143a4-dabd-4469-b7e7-e5583b6a08a5,966ef8c6-55f1-49c9-bea9-fb73f1a480e4
3d20e577-ca2a-4109-9622-a121dcd89f5e,26aebfa2-588f-49fd-bc19-b16491666045
caaa885a-731d-4bd2-abd8-eb3a86c8ef4b,b70f091b-12f2-4c13-9163-762e321c1776
49a2eac0-1dfb-4302-ac68-88b9593e6c17,b9237092-ee19-4422-8961-bf1f36d01c32
e35469f1-f0d7-45d8-8301-e08e0021e5c0,343f663d-72a4-490f-8f1e-fe0712c4a26c
a22e8328-f62b-4eef-a9f5-b772afc671d1,419c6b00-54ae-4bec-bdef-54ebde361b39
7583522a-3f6c-4e8a-95a2-36b3192a7372,10927eba-da18-436c-9b9b-383b53b5891a
661171ce-81e1-478f-ac37-97116d64a0a9,8b1c12a3-6f44-4a2e-a71b-62a01349693f
27427415-f361-4d92-a3df-0379a0046599,26aebfa2-588f-49fd-bc19-b16491666045
932dd5f9-c1b1-4c10-9beb-09938ed3ae32,10927eba-da18-436c-9b9b-383b53b5891a
6d42844b-22ba-4ff6-b7db-39a52d1c6320,b9237092-ee19-4422-8961-bf1f36d01c32
258b9381-f0f4-43a8-99b9-643444ecc482,10927eba-da18-436c-9b9b-383b53b5891a
86de8304-83a3-41c0-bdf8-9de63c93a906,419c6b00-54ae-4bec-bdef-54ebde361b39
8e91f7c0-027f-4f09-8d18-f2580d07041a,343f663d-72a4-490f-8f1e-fe0712c4a26c
73a0dd80-d273-48e6-8eba-90e60afdb741,b9237092-ee19-4422-8961-bf1f36d01c32
cbd28bae-9e50-4279-945b-91d853ff2cc7,26aebfa2-588f-49fd-bc19-b16491666045
3bd91b23-51c5-4443-8194-8ad25d181f1f,4ef709c1-c9c9-4de7-8992-8c65470ebb48
2cb19132-9ddf-46d1-932a-ab072f70c0f7,419c6b00-54ae-4bec-bdef-54ebde361b39
bcb26b2b-af63-4f61-859e-f1c6901b84fb,966ef8c6-55f1-49c9-bea9-fb73f1a480e4
148d21e3-7c8f-464c-b47e-27c99ec9123a,b70f091b-12f2-4c13-9163-762e321c1776
3ea5be47-b212-4cad-aae9-a417e0259e29,419c6b00-54ae-4bec-bdef-54ebde361b39
90c11263-e42c-424f-9fc0-7a3bc37a5528,b9237092-ee19-4422-8961-bf1f36d01c32
6b106581-a12c-4ea6-88bb-9266dc8b1606,4ef709c1-c9c9-4de7-8992-8c65470ebb48
944fe1e0-0716-41d2-853c-ff7053b2aa81,26aebfa2-588f-49fd-bc19-b16491666045
744d0291-e549-458c-b771-b12fd47d793d,26aebfa2-588f-49fd-bc19-b16491666045
c91117eb-0480-4f2b-97ec-95166aaee385,419c6b00-54ae-4bec-bdef-54ebde361b39
898c636c-ecae-43ef-9566-f3f7a28cffe9,343f663d-72a4-490f-8f1e-fe0712c4a26c
c1f3931e-6ef9-4719-8c98-99eaef1ec251,4ef709c1-c9c9-4de7-8992-8c65470ebb48
90b547c5-c91e-42ff-8c2a-93f38df09665,10927eba-da18-436c-9b9b-383b53b5891a
73995184-881c-4120-b538-84a7ce798b3e,419c6b00-54ae-4bec-bdef-54ebde361b39
a0823f33-7fd3-4512-9503-ae229a74b11c,4ef709c1-c9c9-4de7-8992-8c65470ebb48
0313e26d-c0e8-4fa2-8cfb-ffac38ebf3ea,10927eba-da18-436c-9b9b-383b53b5891a
80c32d9b-aeff-4256-8c0e-987daaa60c25,4ef709c1-c9c9-4de7-8992-8c65470ebb48
0909cfa1-bd90-4492-857c-beba4115a494,343f663d-72a4-490f-8f1e-fe0712c4a26c
a988eb6c-1581-4af3-90a5-ddd5b7573067,8b1c12a3-6f44-4a2e-a71b-62a01349693f
29b6a297-860a-4096-a519-f3346b6ee7db,343f663d-72a4-490f-8f1e-fe0712c4a26c
63e55241-198d-4afe-bcf9-00a6fd76a52d,419c6b00-54ae-4bec-bdef-54ebde361b39
5ac93a27-9e69-4eee-9a62-2be31c97db87,b9237092-ee19-4422-8961-bf1f36d01c32
de967f43-4de6-4980-b3c2-08f107eb3918,343f663d-72a4-490f-8f1e-fe0712c4a26c
f505fde8-978f-4879-a72d-17bd97779309,b9237092-ee19-4422-8961-bf1f36d01c32
cb5d0af9-a275-4113-8834-74b28a916a32,10927eba-da18-436c-9b9b-383b53b5891a
4236fe30-82e0-4a44-a983-e77f2cfd039b,26aebfa2-588f-49fd-bc19-b16491666045
d876ce53-5ea2-4257-9dc9-11abd4b4a21c,10927eba-da18-436c-9b9b-383b53b5891a
7591f543-cd50-4b90-ac51-876e12aa0359,343f663d-72a4-490f-8f1e-fe0712c4a26c
5cd35574-74d8-494c-abeb-08a6fe576e6f,4ef709c1-c9c9-4de7-8992-8c65470ebb48
dd2df805-715c-498b-8cb8-816dc993d09a,7a373491-95ac-4981-b7a8-00c3e0a6bdc4
27ef7bf7-8c12-4e8a-b4ad-fa6faf0120bd,10927eba-da18-436c-9b9b-383b53b5891a
6b02d78b-fcf4-46e7-98ff-c54a6acd77d3,b70f091b-12f2-4c13-9163-762e321c1776
6b02d78b-fcf4-46e7-98ff-c54a6acd77d3,b9237092-ee19-4422-8961-bf1f36d01c32
4647ea91-7d7a-4ca7-a47a-7eaccb57a7b6,b9237092-ee19-4422-8961-bf1f36d01c32
44dccade-d916-4ee7-9608-f600b6cb8a13,b9237092-ee19-4422-8961-bf1f36d01c32
01276c58-7a2f-4a6d-98a6-470588fc8f8b,b9237092-ee19-4422-8961-bf1f36d01c32
33c42555-a4b1-4d72-b218-4fe2cd0a42ed,419c6b00-54ae-4bec-bdef-54ebde361b39
1b6e2c7f-2401-4c9c-b6bd-013f3f5b61de,8136e5ae-0555-44b9-b0df-01c677414b5f
b0fb7c3f-16db-4c32-aa50-48935a8f77f4,7a373491-95ac-4981-b7a8-00c3e0a6bdc4
8b7b5588-fbb1-4b36-bcfb-7b193478e09a,b70f091b-12f2-4c13-9163-762e321c1776
8b7b5588-fbb1-4b36-bcfb-7b193478e09a,343f663d-72a4-490f-8f1e-fe0712c4a26c
c2afd626-f83e-4a4e-8a1b-8979a2b38b8c,419c6b00-54ae-4bec-bdef-54ebde361b39
14d719a0-b563-4ad3-a7f8-0b1e8a1acd12,4ef709c1-c9c9-4de7-8992-8c65470ebb48
7887bc69-327f-4560-a53c-4703f6420c4f,8b1c12a3-6f44-4a2e-a71b-62a01349693f
7114cea2-976b-4864-ac05-69f5c75a85b6,b9237092-ee19-4422-8961-bf1f36d01c32
7114cea2-976b-4864-ac05-69f5c75a85b6,4ef709c1-c9c9-4de7-8992-8c65470ebb48
4b655baf-afec-4621-86f1-51d9d299f628,b9237092-ee19-4422-8961-bf1f36d01c32
74cc7bb6-1219-4f5d-bffd-b681dc9b9de6,343f663d-72a4-490f-8f1e-fe0712c4a26c
4c99e624-0e95-4fe6-92f2-dee8c5af1b5e,419c6b00-54ae-4bec-bdef-54ebde361b39
2405c061-be81-42f6-9c60-bcf547a79b70,198549fd-1a65-46dc-9bac-44d7c9837cf4
fcad391b-09d0-48f9-b8d6-1b4f1ef8c6e6,419c6b00-54ae-4bec-bdef-54ebde361b39
e3964878-5e95-482e-b5d9-c846a02210b3,343f663d-72a4-490f-8f1e-fe0712c4a26c
52523ad2-dc9b-4c7f-b569-a12ef0297f55,343f663d-72a4-490f-8f1e-fe0712c4a26c
c47866ca-4064-4ddd-b333-d184047ba72b,343f663d-72a4-490f-8f1e-fe0712c4a26c
4a07b180-d7c6-4233-9027-088f6240c87d,10927eba-da18-436c-9b9b-383b53b5891a
cbdfcd03-f210-4b29-b8e2-b05926be613a,343f663d-72a4-490f-8f1e-fe0712c4a26c
f7fae74f-7513-455d-b2e6-527398404fac,26aebfa2-588f-49fd-bc19-b16491666045
16cdefda-5887-4126-8ffc-fc98131c3bda,7a373491-95ac-4981-b7a8-00c3e0a6bdc4
30bfad69-10b9-46b1-af78-f441cbefbd55,966ef8c6-55f1-49c9-bea9-fb73f1a480e4
b9e615ce-621a-4379-aa76-f82422e55425,4ef709c1-c9c9-4de7-8992-8c65470ebb48
deaa0bd5-9864-4819-b62e-0c1f5984138c,7a373491-95ac-4981-b7a8-00c3e0a6bdc4
2f0e57a4-e26d-477e-aa0e-cbf3401c47bd,4ef709c1-c9c9-4de7-8992-8c65470ebb48
9647dc37-ce28-45d7-9906-e6a20d9dc7e6,26aebfa2-588f-49fd-bc19-b16491666045
8c9497fa-efab-4b60-ae00-299f791791f5,10927eba-da18-436c-9b9b-383b53b5891a
7e1fadb1-1cf9-4a22-beea-4555c6a5d7eb,10927eba-da18-436c-9b9b-383b53b5891a
a89ef0f2-d923-4a58-bdf9-4d52fe0f4865,4ef709c1-c9c9-4de7-8992-8c65470ebb48
8619a0ee-94f5-407a-8c27-86ea6b1cd734,4ef709c1-c9c9-4de7-8992-8c65470ebb48
8619a0ee-94f5-407a-8c27-86ea6b1cd734,b70f091b-12f2-4c13-9163-762e321c1776
106acc3a-1145-4a08-802f-010c393b579e,7a373491-95ac-4981-b7a8-00c3e0a6bdc4
bfe94cd1-18af-4f0a-b20d-561bb50d8588,419c6b00-54ae-4bec-bdef-54ebde361b39
a6293b29-5588-4a0c-b902-6b7b7f1e7310,ee0c3856-7e15-4ec3-9e33-acd6d8629d61
63da314b-7608-4213-a1ca-7962f1884dc5,4ef709c1-c9c9-4de7-8992-8c65470ebb48
63da314b-7608-4213-a1ca-7962f1884dc5,b70f091b-12f2-4c13-9163-762e321c1776
58119b82-6913-4d32-8ad7-0e9e9c4b9002,8b1c12a3-6f44-4a2e-a71b-62a01349693f
94ea14a2-efa0-45b2-9f6a-151288566793,26aebfa2-588f-49fd-bc19-b16491666045
1b13da4a-c9dd-4e3f-8407-418b248812de,4ef709c1-c9c9-4de7-8992-8c65470ebb48
1dcb8518-aeb5-4545-a3eb-3047875abdce,b9237092-ee19-4422-8961-bf1f36d01c32
8f1672da-5561-46d0-a900-47a9cb485cff,343f663d-72a4-490f-8f1e-fe0712c4a26c
a099a7b9-90b3-4739-b456-40a18a319039,4ef709c1-c9c9-4de7-8992-8c65470ebb48
3edc5b92-3c8c-4754-bef4-8a466a040764,8b1c12a3-6f44-4a2e-a71b-62a01349693f
0cb2fbf6-629d-49f5-b9d8-7e8bda4ef777,26aebfa2-588f-49fd-bc19-b16491666045
0ad690df-c52c-4639-8d0d-d898bd570de1,419c6b00-54ae-4bec-bdef-54ebde361b39
297971d8-2037-4602-bfe0-55a86373f043,10927eba-da18-436c-9b9b-383b53b5891a
0571777d-2e0c-4f2b-b50d-32011a13f048,10927eba-da18-436c-9b9b-383b53b5891a
fe55d6cd-c08e-480b-88bd-47514e41c6c1,b70f091b-12f2-4c13-9163-762e321c1776
ed82372d-31d7-4771-94aa-73cf83b90a62,4ef709c1-c9c9-4de7-8992-8c65470ebb48
cc42e3ba-294f-49e0-8eef-b114eb9248ef,4ef709c1-c9c9-4de7-8992-8c65470ebb48
e8d8ff5e-0110-4a5e-809c-67ae7b7c3f9e,b70f091b-12f2-4c13-9163-762e321c1776
294f2132-f5a8-4c6d-a714-de488b91614d,10927eba-da18-436c-9b9b-383b53b5891a
822611b3-b602-4a2a-b05c-8e9e8a838b5d,10927eba-da18-436c-9b9b-383b53b5891a
53f53d54-909d-4d54-91d8-3867f12fbc85,4ef709c1-c9c9-4de7-8992-8c65470ebb48
53f53d54-909d-4d54-91d8-3867f12fbc85,630ed54a-3b70-4ecd-afbf-2338ddbdf733
670236d3-ea63-470e-97e8-c0f5e72994bd,343f663d-72a4-490f-8f1e-fe0712c4a26c
26cb0688-95e1-428d-85db-f7dc40299767,10927eba-da18-436c-9b9b-383b53b5891a
43af237f-cbef-4894-b61d-57d061bc60c6,10927eba-da18-436c-9b9b-383b53b5891a
f14881a9-5334-4c8a-897c-a6fa778b1d8d,419c6b00-54ae-4bec-bdef-54ebde361b39
da09caf6-be31-43c0-b5bd-93bc57027815,8b1c12a3-6f44-4a2e-a71b-62a01349693f
9b0a0e7b-cdab-4b12-b52f-5411f533045e,26aebfa2-588f-49fd-bc19-b16491666045
abf9ba0e-c894-4ec1-b41f-a5df4c7c3073,b9237092-ee19-4422-8961-bf1f36d01c32
7f6c266a-fef9-48ec-a745-29949dd20b94,b9237092-ee19-4422-8961-bf1f36d01c32
0dd3e4f5-cf11-4893-81c5-37cf9d2a86fe,343f663d-72a4-490f-8f1e-fe0712c4a26c
110277c6-291b-44af-bc08-b544e8b93944,4ef709c1-c9c9-4de7-8992-8c65470ebb48
128ac9c2-ac92-401e-b6b9-62634af8b4b4,8b1c12a3-6f44-4a2e-a71b-62a01349693f
30627a7c-0f63-4d77-8ad2-00200a545611,4ef709c1-c9c9-4de7-8992-8c65470ebb48
4def4746-2c11-4722-907a-206091dbb233,4ef709c1-c9c9-4de7-8992-8c65470ebb48
a37fdcf1-3da1-4b21-9448-627c00b7cc27,419c6b00-54ae-4bec-bdef-54ebde361b39
ef147ce9-53b0-45e7-8d18-f155b4134360,419c6b00-54ae-4bec-bdef-54ebde361b39
52cd1c0a-8e41-4900-b19d-471533663396,4ef709c1-c9c9-4de7-8992-8c65470ebb48
16a096c9-2238-4e9a-9d37-4ab5e01c9ce2,4ef709c1-c9c9-4de7-8992-8c65470ebb48
5b69d39e-8d24-45bb-ab3b-995d18191d4d,343f663d-72a4-490f-8f1e-fe0712c4a26c
b5b84180-2618-4185-974e-a6b1069ade81,343f663d-72a4-490f-8f1e-fe0712c4a26c
0944b012-1785-43dd-b6f9-aa80dcba3095,10927eba-da18-436c-9b9b-383b53b5891a
5ea10cfa-7beb-419c-a264-0149ecaeacdf,b9237092-ee19-4422-8961-bf1f36d01c32
2c150bd9-8672-480b-9897-8c11b45232e7,4ef709c1-c9c9-4de7-8992-8c65470ebb48
d4978c4e-a859-4b56-90d8-1cf9517c49f0,419c6b00-54ae-4bec-bdef-54ebde361b39
7c8c2683-415e-434a-9500-4b1f8008bfc7,26aebfa2-588f-49fd-bc19-b16491666045
79aeb14f-57aa-4c77-be76-49742fe1c84d,8b1c12a3-6f44-4a2e-a71b-62a01349693f
7d70f298-2fa1-4c23-88ef-4e0ab08aa30b,ee0c3856-7e15-4ec3-9e33-acd6d8629d61
4c3ac173-6289-48be-8828-2182cda024d8,4ef709c1-c9c9-4de7-8992-8c65470ebb48
81c8b023-4496-49fb-9e26-92faa7a658a7,343f663d-72a4-490f-8f1e-fe0712c4a26c
e22e7cf4-7b93-432e-b40d-029da41d2ce4,8b1c12a3-6f44-4a2e-a71b-62a01349693f
a7051c27-fa26-4c77-bbc7-7cf57bb64a50,343f663d-72a4-490f-8f1e-fe0712c4a26c
e776936e-33d3-4d3a-acc0-0420bea383be,4ef709c1-c9c9-4de7-8992-8c65470ebb48
d71ced87-d64b-479b-be89-0480057491e6,8b1c12a3-6f44-4a2e-a71b-62a01349693f
58a6ed2a-66db-4fc9-841d-4ae529281938,966ef8c6-55f1-49c9-bea9-fb73f1a480e4
bd6a47b4-1e08-44e9-8710-11a7e2c98790,10927eba-da18-436c-9b9b-383b53b5891a
77064b45-71f2-46d5-a555-b5c0b9825fe3,343f663d-72a4-490f-8f1e-fe0712c4a26c
649177c1-4c34-47e8-b055-4c320c42b19b,343f663d-72a4-490f-8f1e-fe0712c4a26c
e8018bd6-61c0-4b63-be9b-936fb24fa9f4,8b1c12a3-6f44-4a2e-a71b-62a01349693f
c9279dea-d67e-4bc4-8b51-4a5985319dde,8b1c12a3-6f44-4a2e-a71b-62a01349693f
53eb237d-9db2-4ab6-8a5b-2fa365025706,b9237092-ee19-4422-8961-bf1f36d01c32
58ad581d-5d5f-4d67-b972-907d0be0de08,8b1c12a3-6f44-4a2e-a71b-62a01349693f
a086a022-e9c5-412c-a65b-c7d31aa2638b,8b1c12a3-6f44-4a2e-a71b-62a01349693f
665a880b-41c4-4d05-9f33-7bbd1382c8e9,4ef709c1-c9c9-4de7-8992-8c65470ebb48
f3c54f1b-ae8e-46b7-a300-0e14a14ccafb,343f663d-72a4-490f-8f1e-fe0712c4a26c
357252a6-af9b-4cbd-9f0c-1eebbfc8d66b,26aebfa2-588f-49fd-bc19-b16491666045
1008f5cc-46bd-481a-a319-4a7f1412d59e,ee0c3856-7e15-4ec3-9e33-acd6d8629d61
29808405-2dca-4267-8695-49d12cf5ab40,4ef709c1-c9c9-4de7-8992-8c65470ebb48
29808405-2dca-4267-8695-49d12cf5ab40,343f663d-72a4-490f-8f1e-fe0712c4a26c
61db6124-a035-4d3c-a3c8-57be133ec0b4,8b1c12a3-6f44-4a2e-a71b-62a01349693f
35f02c8e-5a0b-4440-a056-292d2fc776b2,4ef709c1-c9c9-4de7-8992-8c65470ebb48
28bc229c-f09a-43db-92b3-315b6038aad6,8b1c12a3-6f44-4a2e-a71b-62a01349693f
791c2c1c-83cf-4f80-8d85-803e67ef0aa2,343f663d-72a4-490f-8f1e-fe0712c4a26c
6ec09e2c-630b-402a-ba94-a8ce2e49ff7a,ee0c3856-7e15-4ec3-9e33-acd6d8629d61
50cbbfd0-4c83-4337-a509-91be1777aac1,b9237092-ee19-4422-8961-bf1f36d01c32
a6314f05-5a8b-44a6-9ec9-8430db5a1884,343f663d-72a4-490f-8f1e-fe0712c4a26c
8a47c98e-bd2c-4321-9aa7-4cfa54a77aa3,10927eba-da18-436c-9b9b-383b53b5891a
8a47c98e-bd2c-4321-9aa7-4cfa54a77aa3,966ef8c6-55f1-49c9-bea9-fb73f1a480e4
1024ed3f-3baf-4a38-ba49-bbad769794ca,7a373491-95ac-4981-b7a8-00c3e0a6bdc4
16084877-9f51-4589-a908-d22cee95c5d0,26aebfa2-588f-49fd-bc19-b16491666045
33d93675-b798-4094-ad97-b75b628ce5aa,4ef709c1-c9c9-4de7-8992-8c65470ebb48
7d5d6f30-3865-466f-b564-5605b174558b,ee0c3856-7e15-4ec3-9e33-acd6d8629d61
2fbdc317-2395-4b5b-a837-8cbfc3bf78ad,b9237092-ee19-4422-8961-bf1f36d01c32
46da3e13-f5c0-4f86-8d06-80e108ee67a8,4ef709c1-c9c9-4de7-8992-8c65470ebb48
443831f0-1997-46a9-b3aa-4bca0d810fc5,10927eba-da18-436c-9b9b-383b53b5891a
e4f8ffec-b637-4d95-abba-9d39dbc4e7de,10927eba-da18-436c-9b9b-383b53b5891a
ddedbc4a-f4a5-48e2-943d-b45464777741,343f663d-72a4-490f-8f1e-fe0712c4a26c
72d2eaed-0542-408f-aeb1-899b034bbb76,10927eba-da18-436c-9b9b-383b53b5891a
aeb23eb9-0888-45df-8be3-03a864b89bda,8b1c12a3-6f44-4a2e-a71b-62a01349693f
e3233e37-056b-4a27-a24a-5464b17f6f65,10927eba-da18-436c-9b9b-383b53b5891a
229f40ae-7d14-4c29-9b05-677127c52c0a,343f663d-72a4-490f-8f1e-fe0712c4a26c
c940d72c-7aec-4baf-a8ef-0cac6536f7a3,343f663d-72a4-490f-8f1e-fe0712c4a26c
de862b4b-d544-463d-bfb6-9e0f678ec1e1,b9237092-ee19-4422-8961-bf1f36d01c32
20c7f39b-0a2a-49a1-8cdb-b4667f5ede9e,419c6b00-54ae-4bec-bdef-54ebde361b39
b9d355ec-0381-42da-853e-cab959dbffd3,b9237092-ee19-4422-8961-bf1f36d01c32
a052f14a-9f7f-40ae-8fff-a26c69992ffb,10927eba-da18-436c-9b9b-383b53b5891a
c59dd8c6-d7ad-4b9a-aa7e-6c1bb0fe581a,4ef709c1-c9c9-4de7-8992-8c65470ebb48
2cc372d3-42f6-4fb1-bb97-e1622e03e4f5,26aebfa2-588f-49fd-bc19-b16491666045
f0dd1121-2a44-41a0-b928-53fe376919c0,419c6b00-54ae-4bec-bdef-54ebde361b39
573e750a-f81d-4976-855e-482446986abd,26aebfa2-588f-49fd-bc19-b16491666045
43e3d766-9e1f-4a97-95cd-dc70d372e760,343f663d-72a4-490f-8f1e-fe0712c4a26c
b47a9464-d849-4f44-86ad-47c6675e539f,8136e5ae-0555-44b9-b0df-01c677414b5f
1a4c5050-61d4-4a8a-a8cf-b765c0df29b9,8b1c12a3-6f44-4a2e-a71b-62a01349693f
850769ed-fa63-4286-b13d-932363e27e25,4ef709c1-c9c9-4de7-8992-8c65470ebb48
32e47d85-5fd9-4daf-b058-b5699132d340,26aebfa2-588f-49fd-bc19-b16491666045
fcb51b86-70e3-4d20-aeaf-f02445111879,10927eba-da18-436c-9b9b-383b53b5891a
54fbe8cf-cbcf-4ec4-9f4c-d915a86fbad9,b70f091b-12f2-4c13-9163-762e321c1776
54fbe8cf-cbcf-4ec4-9f4c-d915a86fbad9,4ef709c1-c9c9-4de7-8992-8c65470ebb48
b554f3f3-15bb-41ff-a309-1686e267f977,343f663d-72a4-490f-8f1e-fe0712c4a26c
99453a7a-20fd-4a14-bcef-d2cd298afa93,343f663d-72a4-490f-8f1e-fe0712c4a26c
2c6eb50a-9967-4c50-aff2-b475ef2f4d4a,10927eba-da18-436c-9b9b-383b53b5891a
d35c0bc4-1258-4981-9999-93d0875a9ce2,10927eba-da18-436c-9b9b-383b53b5891a
9945aa3f-72b1-4b9d-af01-8e4dd4bee884,10927eba-da18-436c-9b9b-383b53b5891a
ce66d214-40dd-4552-ac18-82e7f447ed81,419c6b00-54ae-4bec-bdef-54ebde361b39
3d34299e-bb7a-4ab0-9776-34b264b79b36,b9237092-ee19-4422-8961-bf1f36d01c32
1b68aafd-d702-4e1b-8eb1-2d604d1a95f3,8b1c12a3-6f44-4a2e-a71b-62a01349693f
98fa072c-5e2a-4909-906c-e58ec7166e19,8b1c12a3-6f44-4a2e-a71b-62a01349693f
a530452f-c280-4ff2-b428-498e11f9965f,26aebfa2-588f-49fd-bc19-b16491666045
4350c8ed-5a6e-470c-b844-5e9a25624bcc,343f663d-72a4-490f-8f1e-fe0712c4a26c
92704ab7-0d3c-4336-a5d8-8fca7dddd481,343f663d-72a4-490f-8f1e-fe0712c4a26c
11fac607-84eb-49d9-a83a-0ff4b84384bf,b9237092-ee19-4422-8961-bf1f36d01c32
16e45ae8-ee6d-4480-be61-b64571d3f9d5,419c6b00-54ae-4bec-bdef-54ebde361b39
7d1f0088-30fc-46ee-b63f-9b9f13a52873,ee0c3856-7e15-4ec3-9e33-acd6d8629d61
944a87a0-c5dd-4702-a385-d5810548d50d,7a373491-95ac-4981-b7a8-00c3e0a6bdc4
eab407f3-3cc4-489b-b1e7-419382189d23,343f663d-72a4-490f-8f1e-fe0712c4a26c
ee15eab3-de37-4288-a87b-50b59c1ea114,10927eba-da18-436c-9b9b-383b53b5891a
26ef5d2b-cd17-4b2d-b946-ce2e8e7c6709,419c6b00-54ae-4bec-bdef-54ebde361b39
12fd30a8-7bdf-4d9e-961f-8a572dce5285,419c6b00-54ae-4bec-bdef-54ebde361b39
4f7a014e-28f1-4305-8d6b-356a3527c224,419c6b00-54ae-4bec-bdef-54ebde361b39
d64fcd75-eb7e-4fba-b87e-31576d4bca1b,26aebfa2-588f-49fd-bc19-b16491666045
d64fcd75-eb7e-4fba-b87e-31576d4bca1b,8b1c12a3-6f44-4a2e-a71b-62a01349693f
e4957250-4a75-4404-8bbc-e76fb66b6816,966ef8c6-55f1-49c9-bea9-fb73f1a480e4
6ef01826-1f6d-4d78-ae48-3b2d523ecd31,4ef709c1-c9c9-4de7-8992-8c65470ebb48
c304aaa9-5b37-4a24-9ddd-98c690406217,ee0c3856-7e15-4ec3-9e33-acd6d8629d61
7bafe08b-bbd5-434f-a7e4-d3116d3a7d85,343f663d-72a4-490f-8f1e-fe0712c4a26c
dbd0a08d-9a91-4e52-963f-2e64d32108bf,7a373491-95ac-4981-b7a8-00c3e0a6bdc4
dbd0a08d-9a91-4e52-963f-2e64d32108bf,630ed54a-3b70-4ecd-afbf-2338ddbdf733
3238bbd9-3cbf-4a8c-a9e8-f14eb1b1935c,10927eba-da18-436c-9b9b-383b53b5891a
2d5025a7-3780-4226-9afd-de879d2c2b99,b9237092-ee19-4422-8961-bf1f36d01c32
31fa61a3-e8a0-4043-9f4c-faa282204b42,419c6b00-54ae-4bec-bdef-54ebde361b39
c77bf34a-785c-467f-8214-3fa9a02d31dd,419c6b00-54ae-4bec-bdef-54ebde361b39
808bb753-c1fa-4148-a700-278c36a6e7b4,10927eba-da18-436c-9b9b-383b53b5891a
a09f3729-02ec-4cdc-b725-7d3d8aacf1a3,343f663d-72a4-490f-8f1e-fe0712c4a26c
5fe0d823-9259-4998-a395-861e1946a86e,4ef709c1-c9c9-4de7-8992-8c65470ebb48
340e2d99-e155-421f-a1cb-3c37c1e6dd62,4ef709c1-c9c9-4de7-8992-8c65470ebb48
d3224051-5aa9-4ce4-bd3c-26df06154acd,343f663d-72a4-490f-8f1e-fe0712c4a26c
2ef7e64b-a35e-42c7-9b1e-77cf2583d2cd,4ef709c1-c9c9-4de7-8992-8c65470ebb48
b4ab58b5-8a71-4680-bdc3-f3553ebe9481,419c6b00-54ae-4bec-bdef-54ebde361b39
c3fe8bd1-7466-4248-9784-f89709c082c7,10927eba-da18-436c-9b9b-383b53b5891a
81988be2-6f1b-4c33-8102-dc4220da493a,343f663d-72a4-490f-8f1e-fe0712c4a26c
6438bf14-a798-4aa8-9141-8e3e32b1b7b1,8b1c12a3-6f44-4a2e-a71b-62a01349693f
ff66cf0a-d7fd-4b7d-bfa0-157f4b217b0d,419c6b00-54ae-4bec-bdef-54ebde361b39
37dc3299-e546-4e7d-b9d5-fa1c1595059d,343f663d-72a4-490f-8f1e-fe0712c4a26c
bcebb93d-bcb5-4d3d-b636-349f00d9442c,8b1c12a3-6f44-4a2e-a71b-62a01349693f
d0048d5a-a14c-4632-babb-d6a86c283f5a,4ef709c1-c9c9-4de7-8992-8c65470ebb48
592e93ff-640d-4ad3-a106-1319d2ce46bc,343f663d-72a4-490f-8f1e-fe0712c4a26c
bb1c1796-02bd-4e81-abb3-3611dd478e99,10927eba-da18-436c-9b9b-383b53b5891a
786c5f5a-4bd4-46a3-8846-aa6ffc9d42c3,10927eba-da18-436c-9b9b-383b53b5891a
f3454b4b-e653-49e7-af78-2305a060ba31,10927eba-da18-436c-9b9b-383b53b5891a
0379b8cf-d9fc-425e-91d7-5547d07e2bdf,10927eba-da18-436c-9b9b-383b53b5891a
aa1556c7-e59f-41a9-90c8-68c666e8fca9,7a373491-95ac-4981-b7a8-00c3e0a6bdc4
cee8b14c-1134-47cd-b1b7-c7bb03dab17f,10927eba-da18-436c-9b9b-383b53b5891a
3c21301b-38c4-4f5b-bb70-c65715f25c20,b70f091b-12f2-4c13-9163-762e321c1776
eb3bd49a-5a9f-4fe5-beb0-636b43f30d64,26aebfa2-588f-49fd-bc19-b16491666045
2e85998f-c04a-4281-bbd9-b2345c70cded,26aebfa2-588f-49fd-bc19-b16491666045
68959ddd-5d76-47c4-8ec7-e63e28183472,343f663d-72a4-490f-8f1e-fe0712c4a26c
aaed2f1b-0010-46c0-91d3-b2ab6a06a834,ee0c3856-7e15-4ec3-9e33-acd6d8629d61
01a29b5b-81a5-4841-86bc-2e984867b71b,ee0c3856-7e15-4ec3-9e33-acd6d8629d61
88eea9c4-353a-48b7-a3e6-4fe37d95fda4,10927eba-da18-436c-9b9b-383b53b5891a
66fc8aa3-9f89-46ad-9e68-5d8a73aa599e,4ef709c1-c9c9-4de7-8992-8c65470ebb48
09e41c81-135b-4da0-ad5a-191c6184d4c5,ee0c3856-7e15-4ec3-9e33-acd6d8629d61
8c6937de-5b2e-4a8c-8f3b-4c3313bfe5fb,343f663d-72a4-490f-8f1e-fe0712c4a26c
169d3535-e66c-435b-afcc-392ccf4eeaf2,4ef709c1-c9c9-4de7-8992-8c65470ebb48
169d3535-e66c-435b-afcc-392ccf4eeaf2,8b1c12a3-6f44-4a2e-a71b-62a01349693f
add25b13-8118-4c4b-9f76-f6d94a98a9ca,419c6b00-54ae-4bec-bdef-54ebde361b39
975a2e79-c241-4641-8d1c-7a69ecdb00bf,8b1c12a3-6f44-4a2e-a71b-62a01349693f
7f93885e-24e8-4748-8d05-6365ecd545d3,343f663d-72a4-490f-8f1e-fe0712c4a26c
a55dfd9e-b0d7-48f8-98bd-32e6e2a4eb1b,7a373491-95ac-4981-b7a8-00c3e0a6bdc4
b7d170dc-0faf-42e0-b888-74f9e10de2d2,343f663d-72a4-490f-8f1e-fe0712c4a26c
62b843b0-747e-4746-ac9d-c2c02c77f2fb,b9237092-ee19-4422-8961-bf1f36d01c32
4f10d8c1-ed19-4c3f-97e7-00e51e18fa2a,10927eba-da18-436c-9b9b-383b53b5891a
5b23e4f4-9418-4060-b61f-35e77d3ea051,4ef709c1-c9c9-4de7-8992-8c65470ebb48
42997904-0677-4cb6-b48e-e525d9489334,7a373491-95ac-4981-b7a8-00c3e0a6bdc4
15ed70d1-0532-4b26-88a5-5a9a839683e3,7a373491-95ac-4981-b7a8-00c3e0a6bdc4
9e8a9fe6-363c-4b56-b6cd-e1d6c4110ba1,4ef709c1-c9c9-4de7-8992-8c65470ebb48
2fe2728d-02f3-4a4a-8102-d7640c2d34e3,343f663d-72a4-490f-8f1e-fe0712c4a26c
9405962d-d9d0-4c45-8352-08e1c9b4dedc,8b1c12a3-6f44-4a2e-a71b-62a01349693f
06c4facc-5295-4322-b56c-db3a4bcc68dc,419c6b00-54ae-4bec-bdef-54ebde361b39
18766fb3-a537-4d48-9944-520e52914b11,343f663d-72a4-490f-8f1e-fe0712c4a26c
fc4202e2-2111-435a-9876-071b6f952792,10927eba-da18-436c-9b9b-383b53b5891a
9602769f-264c-4d44-a114-d03888fabdbf,4ef709c1-c9c9-4de7-8992-8c65470ebb48
a0dc6ccc-9bd5-4cfb-8e1b-44ab54a26341,343f663d-72a4-490f-8f1e-fe0712c4a26c
d422b501-42fe-4625-8106-8542f114b1c9,7a373491-95ac-4981-b7a8-00c3e0a6bdc4
86da70a8-36f3-4b04-b22a-922121d5dcd7,26aebfa2-588f-49fd-bc19-b16491666045
9fd982e4-58fb-47c8-ada0-0e70c24e35fc,4ef709c1-c9c9-4de7-8992-8c65470ebb48
cb500bc6-ef03-4205-86fe-33d0c6d2ec11,8136e5ae-0555-44b9-b0df-01c677414b5f
0ae7f4b9-cd5d-4740-ab4b-24d5faeac626,7a373491-95ac-4981-b7a8-00c3e0a6bdc4
e8f449a0-4fce-460c-9d1b-d1de6ebb13ac,10927eba-da18-436c-9b9b-383b53b5891a
99db9a6c-bc9f-46cb-b2c1-0ce4e09cc04f,10927eba-da18-436c-9b9b-383b53b5891a
9476b162-2855-4dee-bf69-9e9ad7c5e5db,10927eba-da18-436c-9b9b-383b53b5891a
b3882a26-093d-442f-a804-2d7495c177c2,8b1c12a3-6f44-4a2e-a71b-62a01349693f
2f01c3a6-9d98-4472-8eab-e6cbb1b71f49,8b1c12a3-6f44-4a2e-a71b-62a01349693f
428373c3-7ce0-44c2-b46b-3e5ed3c019b3,10927eba-da18-436c-9b9b-383b53b5891a
6277443a-d0cc-4c54-bcde-3f43c896503d,419c6b00-54ae-4bec-bdef-54ebde361b39
3199ee14-7abe-4a3b-90e2-0fa8f8fdb5e3,4ef709c1-c9c9-4de7-8992-8c65470ebb48
8b98700c-91ad-4c77-b623-454f38d68284,b9237092-ee19-4422-8961-bf1f36d01c32
38c5e6e2-d7b0-401f-822e-d58c5965f960,b9237092-ee19-4422-8961-bf1f36d01c32
98d9d80d-1d62-4733-8376-8a45c2becbfb,26aebfa2-588f-49fd-bc19-b16491666045
43cf3e92-abba-4b8a-aaeb-b9b124458ea3,630ed54a-3b70-4ecd-afbf-2338ddbdf733
43cf3e92-abba-4b8a-aaeb-b9b124458ea3,419c6b00-54ae-4bec-bdef-54ebde361b39
e4e5143d-c8b6-44ae-8d83-0699c1fb9272,630ed54a-3b70-4ecd-afbf-2338ddbdf733
e4e5143d-c8b6-44ae-8d83-0699c1fb9272,4ef709c1-c9c9-4de7-8992-8c65470ebb48
97d149d2-57d0-489c-93e7-6d8adcc0f9f9,4ef709c1-c9c9-4de7-8992-8c65470ebb48
dc18e978-7d17-4d05-ac8e-678a609fbcc7,26aebfa2-588f-49fd-bc19-b16491666045
dc18e978-7d17-4d05-ac8e-678a609fbcc7,8b1c12a3-6f44-4a2e-a71b-62a01349693f
e597facf-adf0-46c7-b6fd-aa8a3b91a15b,7a373491-95ac-4981-b7a8-00c3e0a6bdc4
90ea6203-abcd-4dc4-a037-c64aa326583a,343f663d-72a4-490f-8f1e-fe0712c4a26c
bd4537b9-afdc-494d-ac70-76cab133fa4c,343f663d-72a4-490f-8f1e-fe0712c4a26c
d8e8472a-a08d-4c0a-a68f-9c058a83dc27,7a373491-95ac-4981-b7a8-00c3e0a6bdc4
c45a37e5-fc9e-4e57-8455-580d43dde8bb,419c6b00-54ae-4bec-bdef-54ebde361b39
1ffb3a43-6fe7-4bb2-82c6-622a79004264,b9237092-ee19-4422-8961-bf1f36d01c32
1f0d7207-357c-41c5-8298-1e95aba7ed17,26aebfa2-588f-49fd-bc19-b16491666045
e90836cf-cc5f-477d-9ca1-a44f1bd95abf,7a373491-95ac-4981-b7a8-00c3e0a6bdc4
7d3fbec7-7ae2-4782-99b7-28e866f2c2a7,10927eba-da18-436c-9b9b-383b53b5891a
7d3fbec7-7ae2-4782-99b7-28e866f2c2a7,4ef709c1-c9c9-4de7-8992-8c65470ebb48
13ee2642-1e88-4b5b-9e0e-1ca8940c8a2e,4ef709c1-c9c9-4de7-8992-8c65470ebb48
0159b5a8-6005-48df-8193-4a33c3f3f07a,630ed54a-3b70-4ecd-afbf-2338ddbdf733
0159b5a8-6005-48df-8193-4a33c3f3f07a,b70f091b-12f2-4c13-9163-762e321c1776
3e0b4a6e-ac31-4eea-80c8-23bd7392884c,26aebfa2-588f-49fd-bc19-b16491666045
ec5b16c4-5304-452c-90c1-ab140b81a31e,343f663d-72a4-490f-8f1e-fe0712c4a26c
0e872cc4-c429-428c-8c71-a62fb4c24c96,7a373491-95ac-4981-b7a8-00c3e0a6bdc4
3d3ea7a8-8b5b-4392-81bb-d08dde330acc,10927eba-da18-436c-9b9b-383b53b5891a
1dfc71e1-b820-4c9e-9d34-ed3091b2780a,10927eba-da18-436c-9b9b-383b53b5891a
26dfc3f2-ebe2-4410-b84a-8046864f62af,10927eba-da18-436c-9b9b-383b53b5891a
ca94860d-56c2-4b68-ac00-6d48d0de8ee4,b9237092-ee19-4422-8961-bf1f36d01c32
9b4a8296-c6fe-40c6-b1c5-9807b2004976,10927eba-da18-436c-9b9b-383b53b5891a
0855b28a-f73d-4302-8d48-2a2353d08321,343f663d-72a4-490f-8f1e-fe0712c4a26c
d9e484d0-3dcc-49b8-b4bb-c2babe11b19e,7a373491-95ac-4981-b7a8-00c3e0a6bdc4
1a824fa6-2716-4362-b09a-308fac8ff3fa,10927eba-da18-436c-9b9b-383b53b5891a
27194226-f829-45e5-87cc-e75c20d1e17d,343f663d-72a4-490f-8f1e-fe0712c4a26c
2bd8cc93-eb2b-4afa-ae0b-786e7ae60211,b9237092-ee19-4422-8961-bf1f36d01c32
27737bdf-de50-4367-a306-6fdef9af881e,7a373491-95ac-4981-b7a8-00c3e0a6bdc4
27737bdf-de50-4367-a306-6fdef9af881e,b70f091b-12f2-4c13-9163-762e321c1776
24c952a2-3133-4767-86f5-e0082341b124,ee0c3856-7e15-4ec3-9e33-acd6d8629d61
6d02e5b2-c17b-4d89-9f7c-c626136f0a57,343f663d-72a4-490f-8f1e-fe0712c4a26c
80c07340-a069-476a-a0a0-2460dc69b3cc,b9237092-ee19-4422-8961-bf1f36d01c32
6e76b203-3e19-4f72-9980-92752d48809a,343f663d-72a4-490f-8f1e-fe0712c4a26c
4d53ce95-43bf-4cfa-9f09-4f1520a006ed,26aebfa2-588f-49fd-bc19-b16491666045
6931e7d6-7d10-4454-8101-3a11734fbdfd,966ef8c6-55f1-49c9-bea9-fb73f1a480e4
3d036187-2c03-4831-ac66-6bfdbf91ba1e,b9237092-ee19-4422-8961-bf1f36d01c32
3c263c09-6fdb-4070-9a0a-8ee7357a2bc6,b9237092-ee19-4422-8961-bf1f36d01c32
96222ab6-29a3-4043-b5c2-a90a386c0d97,966ef8c6-55f1-49c9-bea9-fb73f1a480e4
b43b7e4f-3e71-45a0-b55e-2b5b82ccae70,419c6b00-54ae-4bec-bdef-54ebde361b39
3d4f7a0a-7288-451e-8e3c-f35028d7581f,10927eba-da18-436c-9b9b-383b53b5891a
034b76fb-c0f0-43d1-bcd9-66b412bc5091,b9237092-ee19-4422-8961-bf1f36d01c32
eb4c69f6-9fa5-4eb7-9a16-0259a9eac719,4ef709c1-c9c9-4de7-8992-8c65470ebb48
9da54652-3655-4cc3-87ce-8e3e4a5d36f5,8b1c12a3-6f44-4a2e-a71b-62a01349693f
9da54652-3655-4cc3-87ce-8e3e4a5d36f5,26aebfa2-588f-49fd-bc19-b16491666045
b657e15a-9e33-4b6a-a39f-2f22d56e1a6f,966ef8c6-55f1-49c9-bea9-fb73f1a480e4
27d9fcf0-8a76-4bf4-877e-8e2e2a8b27ce,343f663d-72a4-490f-8f1e-fe0712c4a26c
8a973d17-fccf-4240-8157-573db91eaa6c,8b1c12a3-6f44-4a2e-a71b-62a01349693f
414ad9e5-b970-4595-8f6c-44ade63b38fc,10927eba-da18-436c-9b9b-383b53b5891a
770074ee-584e-41cb-8e15-fbd11247a4f1,419c6b00-54ae-4bec-bdef-54ebde361b39
b7197cfe-5a02-41e3-8066-7df18806d1ce,b9237092-ee19-4422-8961-bf1f36d01c32
a4bd9509-19e3-476d-848d-518ad20b742c,419c6b00-54ae-4bec-bdef-54ebde361b39
278988e2-b6e2-4bec-9f37-3f4fadda6454,966ef8c6-55f1-49c9-bea9-fb73f1a480e4
e155fb8f-15f9-4285-a742-7cc2a54aabcf,10927eba-da18-436c-9b9b-383b53b5891a
b1ef0ebc-8702-4fa0-8976-13d3e3bf26b9,b70f091b-12f2-4c13-9163-762e321c1776
b1ef0ebc-8702-4fa0-8976-13d3e3bf26b9,343f663d-72a4-490f-8f1e-fe0712c4a26c
8cf850f7-427a-4b4e-83f8-57690c774a37,b9237092-ee19-4422-8961-bf1f36d01c32
14e6d221-0a9e-4a3b-a311-ccb05d663b9a,343f663d-72a4-490f-8f1e-fe0712c4a26c
1e94a4eb-3268-4e30-81a2-56cac00d56ea,4ef709c1-c9c9-4de7-8992-8c65470ebb48
c818af7e-20e9-4172-b022-cb605f235a3f,8b1c12a3-6f44-4a2e-a71b-62a01349693f
dacfc97e-7ad7-4fe1-ba9a-f1f2e956fa4c,343f663d-72a4-490f-8f1e-fe0712c4a26c
df58b6ff-2faa-4a5e-a125-10fdae3fa7a7,419c6b00-54ae-4bec-bdef-54ebde361b39
a4edd221-02cc-4d8d-b599-c561004cb38d,343f663d-72a4-490f-8f1e-fe0712c4a26c
49006841-5ff8-4149-8c0a-1b87a158392f,4ef709c1-c9c9-4de7-8992-8c65470ebb48
67db43b0-0dc8-4159-8848-98ee0c98f16e,343f663d-72a4-490f-8f1e-fe0712c4a26c
1a2693ad-3f29-408b-8b7c-b490f2287f7e,26aebfa2-588f-49fd-bc19-b16491666045
890aa7dd-1bdb-468e-a6f3-c4ca7cf02c3a,8b1c12a3-6f44-4a2e-a71b-62a01349693f
59b41a22-7f4f-45f2-bb9e-5397fb3a6408,4ef709c1-c9c9-4de7-8992-8c65470ebb48
a9f73754-847d-43b7-9529-bfe7fecd487f,4ef709c1-c9c9-4de7-8992-8c65470ebb48
428bc8c4-3f25-4a21-862e-f5d4abd1cf2c,10927eba-da18-436c-9b9b-383b53b5891a
fb74c2f9-8ef1-433e-a067-746b5e0bfd59,4ef709c1-c9c9-4de7-8992-8c65470ebb48
ace1de16-80cc-4094-b70a-94401c7d049e,343f663d-72a4-490f-8f1e-fe0712c4a26c
ace1de16-80cc-4094-b70a-94401c7d049e,b70f091b-12f2-4c13-9163-762e321c1776
b9eaf0c7-062e-4a1c-8431-f51b31088290,b9237092-ee19-4422-8961-bf1f36d01c32
ec6a42ec-6c44-495f-beca-ecc4c3dc093e,8b1c12a3-6f44-4a2e-a71b-62a01349693f
b3b77d09-7b54-4c92-9b52-f71b57202f37,419c6b00-54ae-4bec-bdef-54ebde361b39
0ae82a80-bedc-4bc2-b6d7-d7eaab3d8bac,419c6b00-54ae-4bec-bdef-54ebde361b39
7dd60937-5bf3-473e-a31a-1a0c0e7c25cc,b9237092-ee19-4422-8961-bf1f36d01c32
7ca570a2-2cd8-4f27-a324-d732e9ba3294,4ef709c1-c9c9-4de7-8992-8c65470ebb48
a4332d5e-a26f-46dc-9a57-c8ef53f5c3b0,10927eba-da18-436c-9b9b-383b53b5891a
a4332d5e-a26f-46dc-9a57-c8ef53f5c3b0,b9237092-ee19-4422-8961-bf1f36d01c32
3b84cea3-1fc0-46e2-9288-c5bfa0ebf6d9,b9237092-ee19-4422-8961-bf1f36d01c32
ab04f1e6-d21a-4f56-aafc-715145517b8d,26aebfa2-588f-49fd-bc19-b16491666045
2b2d4f06-eedd-43fa-82c6-fac7f0ae06af,4ef709c1-c9c9-4de7-8992-8c65470ebb48
e4d674eb-b343-4441-8cde-d79cd83f4281,4ef709c1-c9c9-4de7-8992-8c65470ebb48
0c72ff34-1b34-4276-99bb-da4e5779263e,4ef709c1-c9c9-4de7-8992-8c65470ebb48
0c72ff34-1b34-4276-99bb-da4e5779263e,630ed54a-3b70-4ecd-afbf-2338ddbdf733
013ab2ce-dd39-4b3b-bb02-8981cf338881,343f663d-72a4-490f-8f1e-fe0712c4a26c
1d0bde53-c94d-4ce7-8bda-113ffae2d3de,630ed54a-3b70-4ecd-afbf-2338ddbdf733
1d0bde53-c94d-4ce7-8bda-113ffae2d3de,4ef709c1-c9c9-4de7-8992-8c65470ebb48
941417ac-861c-46d1-b23d-beec153fb614,26aebfa2-588f-49fd-bc19-b16491666045
11e2aa23-7200-466f-9f78-5e60e8a94e56,7a373491-95ac-4981-b7a8-00c3e0a6bdc4
63f1c730-e61c-47fd-8c14-392d5c4924d1,4ef709c1-c9c9-4de7-8992-8c65470ebb48
811db3fe-308b-4979-8f72-2df14cb08c45,10927eba-da18-436c-9b9b-383b53b5891a
3705e0ff-6947-4a2b-82ad-0c31a46779c0,7a373491-95ac-4981-b7a8-00c3e0a6bdc4
e87a94bb-4e98-4c7e-8197-a3ea59fb5708,b9237092-ee19-4422-8961-bf1f36d01c32
2302015f-af83-4654-a25d-5446de884417,4ef709c1-c9c9-4de7-8992-8c65470ebb48
7dbbfacb-b370-4795-a12b-2939f7ebbbab,10927eba-da18-436c-9b9b-383b53b5891a
0c9f4c5f-5bca-4205-8c17-0aee79ce50ac,198549fd-1a65-46dc-9bac-44d7c9837cf4
4e2fdc76-8959-4b2e-b999-d378ffc7e089,10927eba-da18-436c-9b9b-383b53b5891a
be66339d-b8e2-4184-ba08-28b90aaefdf4,198549fd-1a65-46dc-9bac-44d7c9837cf4
6229d503-65f3-4406-9014-528bf63cf187,343f663d-72a4-490f-8f1e-fe0712c4a26c
14a5efc8-206b-4c6f-9cfb-f2973d00e3ee,26aebfa2-588f-49fd-bc19-b16491666045
d8f5a982-db91-4ce1-a7e8-a5851ff721a5,26aebfa2-588f-49fd-bc19-b16491666045
e50a7d0f-d012-4901-81f6-8bd81f67351a,8136e5ae-0555-44b9-b0df-01c677414b5f
a320e5ce-1d85-4002-95c3-b5184ee00c20,198549fd-1a65-46dc-9bac-44d7c9837cf4
7e6d70ec-6844-4346-885a-2c15dea668e3,8136e5ae-0555-44b9-b0df-01c677414b5f
b89b0a85-3270-4a0b-aa9d-951ca060122f,26aebfa2-588f-49fd-bc19-b16491666045
5a824a64-d375-44d1-9d4c-b4b87cb9a8de,b9237092-ee19-4422-8961-bf1f36d01c32
1ac0a0a2-6b14-4c99-8dfb-fab5c53b2787,343f663d-72a4-490f-8f1e-fe0712c4a26c
7da33f80-f85c-49c9-aa26-63e6778c4d78,419c6b00-54ae-4bec-bdef-54ebde361b39
9460fc6f-7947-47d0-96e2-39b2e39b3c45,10927eba-da18-436c-9b9b-383b53b5891a
d351d59c-0b7c-488c-a874-54b41d265e74,343f663d-72a4-490f-8f1e-fe0712c4a26c
cb91cc05-83b1-4517-8d02-dc33ed96f606,8b1c12a3-6f44-4a2e-a71b-62a01349693f
4f2b9b85-d5e3-4a61-ad18-3296a6c1b499,7a373491-95ac-4981-b7a8-00c3e0a6bdc4
0f22ebe6-883b-4388-916c-ef01d97f1a08,26aebfa2-588f-49fd-bc19-b16491666045
0f22ebe6-883b-4388-916c-ef01d97f1a08,8b1c12a3-6f44-4a2e-a71b-62a01349693f
bef11baa-33f9-414f-bf36-b119fcccc7f7,10927eba-da18-436c-9b9b-383b53b5891a
fd83b311-428f-4e17-8636-931249c15c53,10927eba-da18-436c-9b9b-383b53b5891a
abbe12fc-edf3-4df7-bc96-4d40b9d6789e,343f663d-72a4-490f-8f1e-fe0712c4a26c
e31ef97a-b45e-4ee1-af9b-0e5d88408722,26aebfa2-588f-49fd-bc19-b16491666045
6fd883a5-518a-41a0-bdfa-eb876d3317e2,419c6b00-54ae-4bec-bdef-54ebde361b39
0546352e-1624-4705-b67b-e60ee1c0b8b8,4ef709c1-c9c9-4de7-8992-8c65470ebb48
820aae10-7816-4be1-af58-35844d22b5b4,8b1c12a3-6f44-4a2e-a71b-62a01349693f
2ac94869-51ea-45e9-8b7f-954a64eee8a2,ee0c3856-7e15-4ec3-9e33-acd6d8629d61
170faf2a-add3-4d56-8165-6e13a4a2fc35,10927eba-da18-436c-9b9b-383b53b5891a
96812196-599b-4c4b-ae48-f07b72276edf,4ef709c1-c9c9-4de7-8992-8c65470ebb48
367a5e47-b57d-4f8d-824e-707ce71f1a27,10927eba-da18-436c-9b9b-383b53b5891a
831276f2-5d63-414e-b3a3-f40a2a29ba37,4ef709c1-c9c9-4de7-8992-8c65470ebb48
44837d95-9f3b-435d-85fe-06b08486ab5b,198549fd-1a65-46dc-9bac-44d7c9837cf4
94f56ce3-65b7-4743-bb21-248a9a27c21a,10927eba-da18-436c-9b9b-383b53b5891a
a9f1a811-b0ce-408a-82b6-df5c93edef0c,7a373491-95ac-4981-b7a8-00c3e0a6bdc4
91b54653-b526-4f75-a6df-05f80a228537,10927eba-da18-436c-9b9b-383b53b5891a
bdff6219-0c7f-463d-a644-94c3750ece75,8136e5ae-0555-44b9-b0df-01c677414b5f
b7e72b7c-b920-4ff9-af8b-037a1cee0d27,10927eba-da18-436c-9b9b-383b53b5891a
5a7bf7b9-8028-4696-bfc1-ee39fae939ff,343f663d-72a4-490f-8f1e-fe0712c4a26c
87e4b715-c818-423b-8e95-ed8a0139cad7,10927eba-da18-436c-9b9b-383b53b5891a
74363072-17eb-4ac5-b905-2508308fd3fb,b70f091b-12f2-4c13-9163-762e321c1776
7ac6c75b-119e-478e-93c4-85589b9b9f16,b9237092-ee19-4422-8961-bf1f36d01c32
b857e275-59ff-4164-820f-3e91d9cf7934,8b1c12a3-6f44-4a2e-a71b-62a01349693f
ad8ceead-f510-45df-b7f8-4e63cc5436ff,10927eba-da18-436c-9b9b-383b53b5891a
dabab262-f6dc-4632-b5c9-99c6cb41f439,4ef709c1-c9c9-4de7-8992-8c65470ebb48
a6a282d5-81f4-4361-b31e-4fb7c0953152,10927eba-da18-436c-9b9b-383b53b5891a
470cdfd9-99d0-47ea-9488-040f70918e85,10927eba-da18-436c-9b9b-383b53b5891a
ead89745-a376-4a89-af21-c7d9cec4c63b,26aebfa2-588f-49fd-bc19-b16491666045
6f68bd59-4797-447b-85ed-ec0713fe7003,343f663d-72a4-490f-8f1e-fe0712c4a26c
aa12ed7a-b343-430e-b000-35e93de957e9,b9237092-ee19-4422-8961-bf1f36d01c32
13a7da4b-5f28-4efa-9eb1-faa663c27b85,419c6b00-54ae-4bec-bdef-54ebde361b39
3b8ca89b-34aa-4a67-b2d2-0b04dd8e3b56,ee0c3856-7e15-4ec3-9e33-acd6d8629d61
fa4b67f3-334c-4392-ad65-5166dbac0807,8136e5ae-0555-44b9-b0df-01c677414b5f
5503be85-699a-473f-83e2-96839a06e7ba,343f663d-72a4-490f-8f1e-fe0712c4a26c
d4e50cf6-b922-4b2d-9530-33b6ddcd82aa,4ef709c1-c9c9-4de7-8992-8c65470ebb48
aadd4c39-b62c-41d5-b45d-e01f27eac691,343f663d-72a4-490f-8f1e-fe0712c4a26c
5714c03e-9bfa-4ab6-b7a8-4940dbd132e9,7a373491-95ac-4981-b7a8-00c3e0a6bdc4
b290b99f-5bf8-4974-9bc1-e85f68e89e51,b9237092-ee19-4422-8961-bf1f36d01c32
0137e029-7cc1-4ed9-adb1-5db6ec47aaf7,4ef709c1-c9c9-4de7-8992-8c65470ebb48
2b5d83b5-3eba-4d14-8650-b5fcc0e7be65,343f663d-72a4-490f-8f1e-fe0712c4a26c
46c90ca0-ebb0-4c70-b99f-35342b7e014a,ee0c3856-7e15-4ec3-9e33-acd6d8629d61
0f8ed2de-bed6-417d-9d4e-ba525517d5d4,ee0c3856-7e15-4ec3-9e33-acd6d8629d61
9dc85b53-47fc-4bd1-bc44-aa75bbb39014,343f663d-72a4-490f-8f1e-fe0712c4a26c
384ba25e-5fa5-4286-be47-6d0547f4fa68,343f663d-72a4-490f-8f1e-fe0712c4a26c
712229ea-b39a-46a0-ab05-fb2c1077950e,10927eba-da18-436c-9b9b-383b53b5891a
69040a69-b789-4361-8786-503c5b96d3a5,b9237092-ee19-4422-8961-bf1f36d01c32
616e97e9-b942-4a54-83f7-3e7564051bd4,10927eba-da18-436c-9b9b-383b53b5891a
28749a0f-9be8-41ee-8d9f-5a4a5664e88a,b9237092-ee19-4422-8961-bf1f36d01c32
8467edd8-bf11-4a10-a85e-d629809d2447,419c6b00-54ae-4bec-bdef-54ebde361b39
8467edd8-bf11-4a10-a85e-d629809d2447,b9237092-ee19-4422-8961-bf1f36d01c32
d1b50dc5-23cf-4dae-bb88-2da6fb2ca108,10927eba-da18-436c-9b9b-383b53b5891a
dd973df6-5480-4220-9193-6dd8297bbf5e,b9237092-ee19-4422-8961-bf1f36d01c32
56016c9a-b024-4528-a506-6abe57bb3d17,343f663d-72a4-490f-8f1e-fe0712c4a26c
c98f3f0f-d1b5-40e0-bcfb-c9366ff9e413,ee0c3856-7e15-4ec3-9e33-acd6d8629d61
b0cef7ff-389b-4aa2-8929-057907b83293,b9237092-ee19-4422-8961-bf1f36d01c32
ef65c54b-c182-479c-bda9-9ca933911f6f,8b1c12a3-6f44-4a2e-a71b-62a01349693f
f39d1bf9-bc5d-48e9-b344-17cb6f4e9378,7a373491-95ac-4981-b7a8-00c3e0a6bdc4
fae8171f-c285-4efc-9906-e455e207b644,b9237092-ee19-4422-8961-bf1f36d01c32
60905791-102d-4b5e-9150-612ba25f6f8b,26aebfa2-588f-49fd-bc19-b16491666045
b2f64db6-f584-49d4-99f5-2ad93fba6f4a,26aebfa2-588f-49fd-bc19-b16491666045
7ad7d348-c67c-49c2-9cc6-f41ab4cf706d,4ef709c1-c9c9-4de7-8992-8c65470ebb48
656e659f-925e-4198-a5b8-427269f444e8,419c6b00-54ae-4bec-bdef-54ebde361b39
ed9fa51f-08e2-4379-8959-e2253626f04e,7a373491-95ac-4981-b7a8-00c3e0a6bdc4
44366d86-aafc-4f0f-8445-ca4fa89d7cf6,419c6b00-54ae-4bec-bdef-54ebde361b39
012ff601-ebd1-436a-a7f8-01144e378c19,966ef8c6-55f1-49c9-bea9-fb73f1a480e4
179a24e3-3e25-48f4-b531-348a8b9cc907,b9237092-ee19-4422-8961-bf1f36d01c32
1ece4fed-636a-4978-ac5c-8e15f2678751,343f663d-72a4-490f-8f1e-fe0712c4a26c
65fd3b9c-5e89-421c-8ce6-a09cd6b2557f,8136e5ae-0555-44b9-b0df-01c677414b5f
1808dee5-bbe8-4b7b-a03b-6954d0341643,419c6b00-54ae-4bec-bdef-54ebde361b39
b0b2b7d1-cd36-4f25-876e-016899249ce9,b9237092-ee19-4422-8961-bf1f36d01c32
736e8fac-e4e7-4dbd-8f68-2f0054d5c64f,b9237092-ee19-4422-8961-bf1f36d01c32
0ef09f75-b472-4f03-afbe-2cfaedeb4c08,343f663d-72a4-490f-8f1e-fe0712c4a26c
8de31ef9-46b9-467b-858c-b643b6630d2d,343f663d-72a4-490f-8f1e-fe0712c4a26c
86905e2d-c37e-4873-abd8-d4afc70929cf,10927eba-da18-436c-9b9b-383b53b5891a
d164b8b6-64ca-4489-ad2b-e3d9d742fd58,419c6b00-54ae-4bec-bdef-54ebde361b39
8ccbd192-0f03-41c7-84e7-1bb76d37b1a2,ee0c3856-7e15-4ec3-9e33-acd6d8629d61
bace706f-b991-4f8c-9b32-bbad1e1c2d23,10927eba-da18-436c-9b9b-383b53b5891a
084ad062-4c71-4ab8-bc22-ab319f6ecfbc,10927eba-da18-436c-9b9b-383b53b5891a
5318af15-fde8-4485-a477-e7e467f30a99,4ef709c1-c9c9-4de7-8992-8c65470ebb48
62b27ed5-c621-4411-ad7f-b156a5520d26,419c6b00-54ae-4bec-bdef-54ebde361b39
a1c7138f-ac3a-41df-8016-f823754888d5,ee0c3856-7e15-4ec3-9e33-acd6d8629d61
0301d384-d303-47d1-9934-bc5ad4c5f4a9,343f663d-72a4-490f-8f1e-fe0712c4a26c
38c1eb2d-a5d8-4a88-b745-161c89ef0ded,4ef709c1-c9c9-4de7-8992-8c65470ebb48
cc96e35a-072c-4dd2-9774-975ca8dc25ae,10927eba-da18-436c-9b9b-383b53b5891a
28ff8054-c15e-4d95-a644-b14fd55640b0,7a373491-95ac-4981-b7a8-00c3e0a6bdc4
d26a8bea-bcce-448d-9295-415ca1952ecd,343f663d-72a4-490f-8f1e-fe0712c4a26c
428ad257-070a-4ab1-afee-0d8455df1a0f,10927eba-da18-436c-9b9b-383b53b5891a
4916968b-8a41-4322-a571-f90acc587db0,26aebfa2-588f-49fd-bc19-b16491666045
ce508983-0df1-4f51-ae6c-93f6d73df90e,7a373491-95ac-4981-b7a8-00c3e0a6bdc4
455d6d9e-659d-4fda-871a-917cf0291ec0,343f663d-72a4-490f-8f1e-fe0712c4a26c
9eafa7d9-2687-4068-a337-827ce24324be,419c6b00-54ae-4bec-bdef-54ebde361b39
d1867c35-feab-4c69-81cc-a7861dd49fc2,7a373491-95ac-4981-b7a8-00c3e0a6bdc4
6b65fa51-aa36-4856-b5dc-4c50d776c9af,630ed54a-3b70-4ecd-afbf-2338ddbdf733
6b65fa51-aa36-4856-b5dc-4c50d776c9af,7a373491-95ac-4981-b7a8-00c3e0a6bdc4
8e533345-9e20-4d66-9780-45ada9c33019,10927eba-da18-436c-9b9b-383b53b5891a
b53e877f-1051-4bec-86a1-523c3c830802,343f663d-72a4-490f-8f1e-fe0712c4a26c
ceed4410-eb74-41d5-9452-eb3b7d9ab6a3,343f663d-72a4-490f-8f1e-fe0712c4a26c
c0e5fe24-893e-421c-999e-a07a3d09556e,7a373491-95ac-4981-b7a8-00c3e0a6bdc4
7d51b04a-dd7e-4031-a8a4-fe87f4ae71f0,ee0c3856-7e15-4ec3-9e33-acd6d8629d61
013873b8-d50b-4b23-b9bb-ed9280d84dde,7a373491-95ac-4981-b7a8-00c3e0a6bdc4
781bff64-47de-4241-9410-49a96cc68fde,198549fd-1a65-46dc-9bac-44d7c9837cf4
7b9242c0-7c97-452b-b7a8-ccf2658b52fa,198549fd-1a65-46dc-9bac-44d7c9837cf4
1d5dd92f-51b2-49c5-99f3-a75a13e82e17,419c6b00-54ae-4bec-bdef-54ebde361b39
e39b7558-b9ab-4f1f-9129-5255dde633a9,b9237092-ee19-4422-8961-bf1f36d01c32
c322b093-07df-4b54-8841-739885029b74,343f663d-72a4-490f-8f1e-fe0712c4a26c
d9a4ecac-80ab-47b6-9a9a-b3110f5c1c9b,343f663d-72a4-490f-8f1e-fe0712c4a26c
9eb3a1f7-b9c3-435f-9925-25938d283ce3,b9237092-ee19-4422-8961-bf1f36d01c32
28a40848-cdda-4552-94b2-7edd1286135a,4ef709c1-c9c9-4de7-8992-8c65470ebb48
2afb2e0a-34dd-4786-b9ae-2377c091756f,4ef709c1-c9c9-4de7-8992-8c65470ebb48
2afb2e0a-34dd-4786-b9ae-2377c091756f,630ed54a-3b70-4ecd-afbf-2338ddbdf733
e24deb72-1a73-4c21-a4b3-db81b5863d1e,419c6b00-54ae-4bec-bdef-54ebde361b39
e5aca561-6f76-4e09-a656-16c9bbfb3927,419c6b00-54ae-4bec-bdef-54ebde361b39
32d0ba34-d5e5-4306-a727-be1998c06942,7a373491-95ac-4981-b7a8-00c3e0a6bdc4
396115d1-e61f-4d5d-b0c9-c6d4291f3ded,4ef709c1-c9c9-4de7-8992-8c65470ebb48
c5465278-5caa-4c34-a6c7-dc1d60378569,26aebfa2-588f-49fd-bc19-b16491666045
68ebcee3-13a3-416d-b5ab-e4bb4e85dfbc,10927eba-da18-436c-9b9b-383b53b5891a
d5c8be9a-eed2-4b12-80a4-92b45b5f527b,8b1c12a3-6f44-4a2e-a71b-62a01349693f
f27e8c00-854c-4254-927a-c7db6fa1741d,4ef709c1-c9c9-4de7-8992-8c65470ebb48
1c6150bb-18f2-4e4d-b2ba-3296f9e4f231,4ef709c1-c9c9-4de7-8992-8c65470ebb48
9d8f022a-3e3e-4419-806e-3f1049fa544c,4ef709c1-c9c9-4de7-8992-8c65470ebb48
fe363b41-fd38-4789-a8b4-83f786a5ac8e,10927eba-da18-436c-9b9b-383b53b5891a
ebe77425-3130-4298-8252-7e1dcb1bd15c,4ef709c1-c9c9-4de7-8992-8c65470ebb48
09473c1d-f362-498b-bf54-c30892848bcf,419c6b00-54ae-4bec-bdef-54ebde361b39
2f9d02d9-35d6-47de-bd9c-de6e5b6dbf7f,10927eba-da18-436c-9b9b-383b53b5891a
7bc4456d-11bc-4b0b-adcf-9f7beb5403ec,7a373491-95ac-4981-b7a8-00c3e0a6bdc4
df3e74d0-615e-43a2-9595-6bddb26c5639,b9237092-ee19-4422-8961-bf1f36d01c32
10edb34d-402f-4674-979f-5d7d27f3987d,b9237092-ee19-4422-8961-bf1f36d01c32
560aecbb-efa5-445d-ac6d-3881119efbdf,b9237092-ee19-4422-8961-bf1f36d01c32
d6fdd4cb-379c-40fd-a125-5dc57ee4ec66,419c6b00-54ae-4bec-bdef-54ebde361b39
38492fc5-0144-4e6e-b1ac-d4b2331e9373,8b1c12a3-6f44-4a2e-a71b-62a01349693f
ee7ec324-0a04-4fff-b9f4-18baa4268ff1,4ef709c1-c9c9-4de7-8992-8c65470ebb48
77a3297a-0215-4494-aac2-3d95b87a3a1f,b9237092-ee19-4422-8961-bf1f36d01c32
ce7d0ca9-cb49-4802-910d-c08a222ffb72,419c6b00-54ae-4bec-bdef-54ebde361b39
fa4dd43b-f7f7-4836-b2ff-a2f63ffed8ff,26aebfa2-588f-49fd-bc19-b16491666045
f73e88e2-c8d6-4b8e-bb27-0f3704422087,4ef709c1-c9c9-4de7-8992-8c65470ebb48
d94df827-c6f1-46d7-87c8-bc0b08f5518d,4ef709c1-c9c9-4de7-8992-8c65470ebb48
19013b07-e6db-4597-86aa-e9f9e100cee6,7a373491-95ac-4981-b7a8-00c3e0a6bdc4
3c4bfa16-4d59-4c05-989f-29f927beae38,8136e5ae-0555-44b9-b0df-01c677414b5f
cb4aac9a-0d34-4096-aa1c-54c31ca5fcbf,343f663d-72a4-490f-8f1e-fe0712c4a26c
0ea9b68b-129a-4c38-8fd5-64351acf1a06,7a373491-95ac-4981-b7a8-00c3e0a6bdc4
95c7e42f-dd3a-46ad-b942-57679402db01,8b1c12a3-6f44-4a2e-a71b-62a01349693f
1d458c78-2ba6-4dd4-8aab-3e7a2d310bb7,10927eba-da18-436c-9b9b-383b53b5891a
d9a805d5-fc34-4cb2-93b7-33999c3502b0,419c6b00-54ae-4bec-bdef-54ebde361b39
7c0fdd3d-a39c-4291-8573-639e98d5e9bd,ee0c3856-7e15-4ec3-9e33-acd6d8629d61
46ed26af-a7f1-4559-94cc-b8d469d51c43,343f663d-72a4-490f-8f1e-fe0712c4a26c
3fdbc5ac-baa9-473b-afd3-57219875758f,10927eba-da18-436c-9b9b-383b53b5891a
247679c7-5d51-4b49-aa78-1b58ce463628,630ed54a-3b70-4ecd-afbf-2338ddbdf733
247679c7-5d51-4b49-aa78-1b58ce463628,4ef709c1-c9c9-4de7-8992-8c65470ebb48
4f645df4-7390-4090-a4f2-7516ac21d6d4,4ef709c1-c9c9-4de7-8992-8c65470ebb48
78fda351-6aae-48e4-84f4-15c025757b5a,10927eba-da18-436c-9b9b-383b53b5891a
8080cbec-a230-4eae-964a-e9e3c85821d5,4ef709c1-c9c9-4de7-8992-8c65470ebb48
b75886b2-6347-44d0-a8ff-7761d368c327,10927eba-da18-436c-9b9b-383b53b5891a
578ab1ff-423f-4221-bb32-dfff04107a0f,10927eba-da18-436c-9b9b-383b53b5891a
d0c2732d-b169-4139-b149-58be79d28048,419c6b00-54ae-4bec-bdef-54ebde361b39
835067cb-4463-4af4-b289-5ade57a4adc2,10927eba-da18-436c-9b9b-383b53b5891a
ec185845-3a51-4f9d-91e1-1ec480326c9b,4ef709c1-c9c9-4de7-8992-8c65470ebb48
df8faeb1-1f30-4195-a2d7-2b55939fb8d0,10927eba-da18-436c-9b9b-383b53b5891a
7740ae57-ed26-438a-a633-3bdde20ec58c,b9237092-ee19-4422-8961-bf1f36d01c32
7de53f87-951c-4f3f-a160-4a78d0655248,8b1c12a3-6f44-4a2e-a71b-62a01349693f
62ac438a-c7d2-47ca-81ad-36793862be1e,10927eba-da18-436c-9b9b-383b53b5891a
f684fde6-5064-4034-8e92-a10337a6dc91,b9237092-ee19-4422-8961-bf1f36d01c32
da4bc4a8-76a4-433b-8e88-a392c8072088,b9237092-ee19-4422-8961-bf1f36d01c32
35e157d0-cfdc-43d2-83f7-8c093acc6fd6,7a373491-95ac-4981-b7a8-00c3e0a6bdc4
6b5861df-0287-45c0-aba7-239f5fd06383,10927eba-da18-436c-9b9b-383b53b5891a
8692b3e1-b99b-4d72-846c-0567fcf88fc1,4ef709c1-c9c9-4de7-8992-8c65470ebb48
8be6f93f-c147-4390-9ca0-cd8635327df8,630ed54a-3b70-4ecd-afbf-2338ddbdf733
8be6f93f-c147-4390-9ca0-cd8635327df8,4ef709c1-c9c9-4de7-8992-8c65470ebb48
bd09fe6b-2837-42bc-b555-1011d4fbfb5b,8136e5ae-0555-44b9-b0df-01c677414b5f
3d958600-a6bb-4a7e-afba-293b08203efd,8b1c12a3-6f44-4a2e-a71b-62a01349693f
a8786ae7-58ba-4726-ac5e-5a31333177ec,8b1c12a3-6f44-4a2e-a71b-62a01349693f
ce464fd1-0156-4a97-a915-06561f9f080a,7a373491-95ac-4981-b7a8-00c3e0a6bdc4
4963cff3-7ae8-448e-b42b-4877157fce18,419c6b00-54ae-4bec-bdef-54ebde361b39
092ac911-e7d1-4db2-af0a-62735900cb43,4ef709c1-c9c9-4de7-8992-8c65470ebb48
550d0bce-6a25-4306-8ea7-cb575f030dd0,343f663d-72a4-490f-8f1e-fe0712c4a26c
cd30e7e2-cead-441c-947a-6c94ffee2b0e,b9237092-ee19-4422-8961-bf1f36d01c32
cb9398c1-1c49-4c8e-b909-6bf78bec7108,ee0c3856-7e15-4ec3-9e33-acd6d8629d61
b52f92a3-a0a9-4638-b5de-52a7ccf2d9c3,4ef709c1-c9c9-4de7-8992-8c65470ebb48
cccb8e48-0364-42ba-8475-319d3e31b29a,343f663d-72a4-490f-8f1e-fe0712c4a26c
4f965dee-7c52-4264-b7d4-f5c866ec086b,ee0c3856-7e15-4ec3-9e33-acd6d8629d61
a79b7844-1a1c-40c7-874d-508e9ab7743c,343f663d-72a4-490f-8f1e-fe0712c4a26c
0d91a30a-631f-4f4b-a457-7aab9f6fafcb,8136e5ae-0555-44b9-b0df-01c677414b5f
5d078007-fb11-44ea-9b4b-619c3c73fe72,10927eba-da18-436c-9b9b-383b53b5891a
847643c4-1e92-4bdd-ab06-2e274f1a93e4,10927eba-da18-436c-9b9b-383b53b5891a
33e4fb6b-8bf7-42a0-ab51-c9ecd8da587e,7a373491-95ac-4981-b7a8-00c3e0a6bdc4
a3cd1354-e74b-4d3f-89d7-efe04c65894e,419c6b00-54ae-4bec-bdef-54ebde361b39
8a79198a-5620-4fde-9620-6edf55425ea8,10927eba-da18-436c-9b9b-383b53b5891a
4e03c849-a060-45ac-b6d2-9086d4942321,4ef709c1-c9c9-4de7-8992-8c65470ebb48
4c0a8ea4-f32b-489e-ba17-597ffafa5bbc,b9237092-ee19-4422-8961-bf1f36d01c32
f195fc74-02c4-4215-97cf-49d9c9e658d2,419c6b00-54ae-4bec-bdef-54ebde361b39
a66e3ebe-ff0d-49af-aa2c-49a4291a124d,8136e5ae-0555-44b9-b0df-01c677414b5f
3607b9bb-d871-4ef2-9f9e-cec3f2ae17f5,419c6b00-54ae-4bec-bdef-54ebde361b39
beaa4a14-620d-4c92-96f0-c9c6a97ee8ff,8b1c12a3-6f44-4a2e-a71b-62a01349693f
c31a8e90-fd3b-4d66-80f9-58c98d5f52c4,343f663d-72a4-490f-8f1e-fe0712c4a26c
cc0a8a0f-b635-4ad5-869f-820253afa56b,10927eba-da18-436c-9b9b-383b53b5891a
a34e82d3-1d4c-4aed-85b0-ce4dacf9f59b,343f663d-72a4-490f-8f1e-fe0712c4a26c
6b8e7f63-7ea5-4285-be47-260cd5fb41c6,10927eba-da18-436c-9b9b-383b53b5891a
c92a3f78-f516-49db-8d20-c6c83d74d812,419c6b00-54ae-4bec-bdef-54ebde361b39
283b3a57-5b08-4276-a6a7-132d8f685fc2,10927eba-da18-436c-9b9b-383b53b5891a
dc3726e0-4e36-4f83-8e75-0fa54a088246,4ef709c1-c9c9-4de7-8992-8c65470ebb48
be894aff-5683-4fb1-aeab-a7a73f45cc2e,7a373491-95ac-4981-b7a8-00c3e0a6bdc4
a7203c21-bb3b-453c-b705-8504944fad11,419c6b00-54ae-4bec-bdef-54ebde361b39
ec5a4412-bebf-4019-9fb9-2f3baa68e1d5,26aebfa2-588f-49fd-bc19-b16491666045
76257473-a67a-4792-a98a-2d4b7d050d15,4ef709c1-c9c9-4de7-8992-8c65470ebb48
5bfe6dcd-b02c-44ee-abc8-d29f268e90f5,4ef709c1-c9c9-4de7-8992-8c65470ebb48
d05f7629-cda9-41ee-9f34-3d5470af7bf0,7a373491-95ac-4981-b7a8-00c3e0a6bdc4
3ac256db-8760-4597-b4ca-5c7d3f0616b6,4ef709c1-c9c9-4de7-8992-8c65470ebb48
2099c757-0670-44b3-8170-70f03b33b154,419c6b00-54ae-4bec-bdef-54ebde361b39
889be03b-399e-4547-9670-5183963ac73b,343f663d-72a4-490f-8f1e-fe0712c4a26c
dd5627f6-b1b6-4951-9c0d-fd73f0423a29,b9237092-ee19-4422-8961-bf1f36d01c32
42c2f2c9-74ab-4679-9c03-7502f9f7371f,7a373491-95ac-4981-b7a8-00c3e0a6bdc4
e2a38498-8266-4ebe-96da-bf88c4659c94,10927eba-da18-436c-9b9b-383b53b5891a
32d48a81-85e4-483f-9e03-9d833159ce17,8136e5ae-0555-44b9-b0df-01c677414b5f
b5f83b9a-a54c-4f23-b704-518ea974c75e,966ef8c6-55f1-49c9-bea9-fb73f1a480e4
963ef4ff-fbf6-4aae-9644-fd0f681432ae,4ef709c1-c9c9-4de7-8992-8c65470ebb48
f5136621-f2bc-4d67-9c49-6ffe68bf4159,4ef709c1-c9c9-4de7-8992-8c65470ebb48
409b593b-2b9c-43cb-af94-88f52fafd30d,419c6b00-54ae-4bec-bdef-54ebde361b39
4d61dd54-00cc-4166-8b48-acf09eddc67d,343f663d-72a4-490f-8f1e-fe0712c4a26c
ebc150ba-c5ad-4ca0-9f7c-7f78e7bcfc57,ee0c3856-7e15-4ec3-9e33-acd6d8629d61
d1e45269-2af0-40b5-9378-e1c5bfaeb90b,419c6b00-54ae-4bec-bdef-54ebde361b39
d1e45269-2af0-40b5-9378-e1c5bfaeb90b,630ed54a-3b70-4ecd-afbf-2338ddbdf733
c7e53aa4-9617-4184-819d-c4e158bfff12,10927eba-da18-436c-9b9b-383b53b5891a
d03f8211-bb65-45a6-897c-db64375e39c9,343f663d-72a4-490f-8f1e-fe0712c4a26c
c7cb4255-e3db-4954-809d-373ab4acbf62,198549fd-1a65-46dc-9bac-44d7c9837cf4
c99e78fe-4f06-486c-b120-866f6644c31c,10927eba-da18-436c-9b9b-383b53b5891a
7106f450-4505-48a8-a64c-b9c1fe856e08,419c6b00-54ae-4bec-bdef-54ebde361b39
e9d037f3-1695-4855-8afb-d3a15c224554,7a373491-95ac-4981-b7a8-00c3e0a6bdc4
82a4911e-5792-4369-a2f4-65bef40595d0,343f663d-72a4-490f-8f1e-fe0712c4a26c
457cef9c-8cb2-4352-b66a-33939b4763d3,343f663d-72a4-490f-8f1e-fe0712c4a26c
2b56487a-3111-4094-89b6-d3ab0517d3cc,10927eba-da18-436c-9b9b-383b53b5891a
73d8ebb3-fd20-4483-9b18-c7ab0eaf8881,8136e5ae-0555-44b9-b0df-01c677414b5f
da3d5cce-042d-4f53-b396-fd64dfea2743,7a373491-95ac-4981-b7a8-00c3e0a6bdc4
2df4771e-f0f0-4af3-ba7d-6c42ca086d06,b9237092-ee19-4422-8961-bf1f36d01c32
435f5d4b-67ed-406a-8e43-3f1b10b132a7,7a373491-95ac-4981-b7a8-00c3e0a6bdc4
3794caf3-4c8e-43c3-ad92-a16c7bc93cfc,b9237092-ee19-4422-8961-bf1f36d01c32
487ec107-9f9e-42cd-b353-966a59ed8ebd,7a373491-95ac-4981-b7a8-00c3e0a6bdc4
c08b4c66-07a4-4339-ae25-817b52d4bf74,10927eba-da18-436c-9b9b-383b53b5891a
42db4905-7a70-4cb9-a903-137bd0ab54b2,419c6b00-54ae-4bec-bdef-54ebde361b39
b6dfc3b7-fc3c-451b-b11c-b5bcb60ea518,4ef709c1-c9c9-4de7-8992-8c65470ebb48
75d86dd9-9ad5-4d57-b784-2c6e54785125,10927eba-da18-436c-9b9b-383b53b5891a
1546707b-1812-4eea-ab1b-2204b5f8b643,419c6b00-54ae-4bec-bdef-54ebde361b39
51425550-aba4-4737-bd59-79c628889c89,b9237092-ee19-4422-8961-bf1f36d01c32
e0aabf55-483d-47a6-b029-3fc8ac9d721b,4ef709c1-c9c9-4de7-8992-8c65470ebb48
e0aabf55-483d-47a6-b029-3fc8ac9d721b,630ed54a-3b70-4ecd-afbf-2338ddbdf733
9e08c72b-430c-4438-85af-c252a1e71c79,10927eba-da18-436c-9b9b-383b53b5891a
c19fcd76-f958-4bc4-8c51-a5b5224f30c9,10927eba-da18-436c-9b9b-383b53b5891a
902217b4-3755-4599-86a7-50914efcd139,4ef709c1-c9c9-4de7-8992-8c65470ebb48
0a4f07f1-5dd3-4970-acd2-229b16dc58c8,343f663d-72a4-490f-8f1e-fe0712c4a26c
45b679d8-9d9b-425f-9953-fca85620915f,ee0c3856-7e15-4ec3-9e33-acd6d8629d61
c5c1bbcc-ca9d-4cac-84b3-ee426e842eb0,343f663d-72a4-490f-8f1e-fe0712c4a26c
6df6ed5c-4062-441a-a39c-3ebefd07f613,ee0c3856-7e15-4ec3-9e33-acd6d8629d61
d2bb990d-1ac0-468e-be76-81e9b01ca9d4,b9237092-ee19-4422-8961-bf1f36d01c32
1d07dd84-4a75-454f-89a9-9b40cb8e96fe,4ef709c1-c9c9-4de7-8992-8c65470ebb48
1d07dd84-4a75-454f-89a9-9b40cb8e96fe,630ed54a-3b70-4ecd-afbf-2338ddbdf733
dabcce72-6a84-42e6-b403-8fb0f7a0c7e7,7a373491-95ac-4981-b7a8-00c3e0a6bdc4
